prompt_id,model,expected_answer,predicted_answer,is_correct,complexity_level,time_taken,tokens_used,temperature,seed,grid_size
1,gpt-4.1,behind-right,behind-right,1,medium,4.41,1563,0.0,42,10
2,gpt-4.1,behind-right,in-front-left,0,medium,6.10,1716,0.0,42,10
3,gpt-4.1,behind-right,behind-left,0,medium,3.55,1447,0.0,42,10
4,gpt-4.1,behind-right,behind-left,0,medium,7.83,1838,0.0,42,10
5,gpt-4.1,behind-right,behind-right,1,medium,8.18,1879,0.0,42,10
6,gpt-4.1,behind-right,behind-right,1,medium,6.66,1709,0.0,42,10
7,gpt-4.1,behind-right,behind-left,0,medium,6.03,1620,0.0,42,10
8,gpt-4.1,behind-right,behind-left,0,medium,5.13,1613,0.0,42,10
9,gpt-4.1,behind-right,behind-right,1,medium,8.18,1835,0.0,42,10
10,gpt-4.1,behind-right,behind-left,0,medium,10.09,1858,0.0,42,10
11,gpt-4.1,behind-right,behind-left,0,medium,2.46,1431,0.0,42,10
12,gpt-4.1,behind-right,behind-right,1,medium,3.47,1513,0.0,42,10
13,gpt-4.1,behind-right,behind-right,1,medium,4.67,1613,0.0,42,10
14,gpt-4.1,behind-right,in-front-right,0,medium,4.20,1591,0.0,42,10
15,gpt-4.1,behind-right,behind-left,0,medium,4.15,1561,0.0,42,10
16,gpt-4.1,behind-right,behind-left,0,medium,6.08,1675,0.0,42,10
17,gpt-4.1,behind-right,in-front-right,0,medium,4.51,1617,0.0,42,10
18,gpt-4.1,behind-right,behind-right,1,medium,2.20,1390,0.0,42,10
19,gpt-4.1,behind-right,in-front-right,0,medium,5.57,1650,0.0,42,10
20,gpt-4.1,behind-right,in-front-right,0,medium,6.46,1727,0.0,42,10
21,gpt-4.1,behind-right,in-front-right,0,medium,5.73,1689,0.0,42,10
22,gpt-4.1,behind-right,behind-right,1,medium,7.97,1867,0.0,42,10
23,gpt-4.1,behind-right,behind-right,1,medium,3.67,1426,0.0,42,10
24,gpt-4.1,behind-right,in-front-right,0,medium,7.28,1726,0.0,42,10
25,gpt-4.1,behind-right,behind-right,1,medium,9.87,1953,0.0,42,10
26,gpt-4.1,behind-right,in-front-right,0,medium,6.25,1698,0.0,42,10
27,gpt-4.1,behind-right,behind-right,1,medium,5.21,1656,0.0,42,10
28,gpt-4.1,behind-right,behind-left,0,medium,7.32,1816,0.0,42,10
29,gpt-4.1,behind-right,in-front-left,0,medium,3.19,1486,0.0,42,10
30,gpt-4.1,behind-right,behind-right,1,medium,5.46,1670,0.0,42,10
31,gpt-4.1,behind-right,behind-left,0,medium,2.42,1417,0.0,42,10
32,gpt-4.1,behind-right,behind-right,1,medium,2.10,1393,0.0,42,10
33,gpt-4.1,behind-right,in-front-left,0,medium,3.13,1464,0.0,42,10
34,gpt-4.1,behind-right,in-front-right,0,medium,4.91,1598,0.0,42,10
35,gpt-4.1,behind-right,behind-left,0,medium,5.28,1619,0.0,42,10
36,gpt-4.1,behind-right,behind-right,1,medium,7.89,1773,0.0,42,10
37,gpt-4.1,behind-right,behind-left,0,medium,6.90,1654,0.0,42,10
38,gpt-4.1,behind-right,in-front-right,0,medium,6.09,1676,0.0,42,10
39,gpt-4.1,behind-right,behind-right,1,medium,6.14,1700,0.0,42,10
40,gpt-4.1,behind-right,behind-right,1,medium,9.25,1944,0.0,42,10
41,gpt-4.1,behind-right,in-front-left,0,medium,6.63,1733,0.0,42,10
42,gpt-4.1,behind-right,behind-left,0,medium,5.02,1669,0.0,42,10
43,gpt-4.1,behind-right,behind-right,1,medium,10.75,1939,0.0,42,10
44,gpt-4.1,behind-right,behind-right,1,medium,7.58,1772,0.0,42,10
45,gpt-4.1,behind-right,behind-right,1,medium,5.22,1624,0.0,42,10
46,gpt-4.1,behind-right,in-front-right,0,medium,7.68,1774,0.0,42,10
47,gpt-4.1,behind-right,in-front-left,0,medium,10.66,2085,0.0,42,10
48,gpt-4.1,behind-right,in-front-left,0,medium,3.53,1500,0.0,42,10
49,gpt-4.1,behind-right,in-front-right,0,medium,3.79,1553,0.0,42,10
50,gpt-4.1,behind-right,in-front-left,0,medium,3.89,1562,0.0,42,10
51,gpt-4.1,in-front-left,in-front-right,0,medium,6.49,1711,0.0,42,10
52,gpt-4.1,in-front-left,in-front-right,0,medium,6.05,1696,0.0,42,10
53,gpt-4.1,in-front-left,in-front-left,1,medium,5.42,1653,0.0,42,10
54,gpt-4.1,in-front-left,in-front-left,1,medium,3.30,1491,0.0,42,10
55,gpt-4.1,in-front-left,in-front-left,1,medium,5.60,1638,0.0,42,10
56,gpt-4.1,in-front-left,in-front-left,1,medium,4.18,1603,0.0,42,10
57,gpt-4.1,in-front-left,behind-right,0,medium,6.27,1726,0.0,42,10
58,gpt-4.1,in-front-left,in-front-left,1,medium,6.76,1763,0.0,42,10
59,gpt-4.1,in-front-left,in-front-left,1,medium,3.86,1570,0.0,42,10
60,gpt-4.1,in-front-left,behind-left,0,medium,4.65,1619,0.0,42,10
61,gpt-4.1,in-front-left,in-front-left,1,medium,8.08,1767,0.0,42,10
62,gpt-4.1,in-front-left,behind-left,0,medium,6.55,1757,0.0,42,10
63,gpt-4.1,in-front-left,behind-right,0,medium,7.28,1728,0.0,42,10
64,gpt-4.1,in-front-left,behind-right,0,medium,6.45,1643,0.0,42,10
65,gpt-4.1,in-front-left,in-front-left,1,medium,6.85,1765,0.0,42,10
66,gpt-4.1,in-front-left,in-front-right,0,medium,4.44,1575,0.0,42,10
67,gpt-4.1,in-front-left,in-front-right,0,medium,5.19,1682,0.0,42,10
68,gpt-4.1,in-front-left,in-front-right,0,medium,7.15,1753,0.0,42,10
69,gpt-4.1,in-front-left,in-front-left,1,medium,9.44,1969,0.0,42,10
70,gpt-4.1,in-front-left,in-front-left,1,medium,3.85,1479,0.0,42,10
71,gpt-4.1,in-front-left,behind-left,0,medium,6.03,1686,0.0,42,10
72,gpt-4.1,in-front-left,in-front-right,0,medium,16.24,2329,0.0,42,10
73,gpt-4.1,in-front-left,in-front-left,1,medium,7.58,1652,0.0,42,10
74,gpt-4.1,in-front-left,behind-left,0,medium,5.49,1595,0.0,42,10
75,gpt-4.1,in-front-left,behind-right,0,medium,6.29,1760,0.0,42,10
76,gpt-4.1,in-front-left,in-front-left,1,medium,6.21,1644,0.0,42,10
77,gpt-4.1,in-front-left,in-front-right,0,medium,7.18,1656,0.0,42,10
78,gpt-4.1,in-front-left,behind-left,0,medium,8.13,1943,0.0,42,10
79,gpt-4.1,in-front-left,in-front-left,1,medium,4.51,1540,0.0,42,10
80,gpt-4.1,in-front-left,in-front-right,0,medium,6.13,1704,0.0,42,10
81,gpt-4.1,in-front-left,in-front-left,1,medium,4.71,1567,0.0,42,10
82,gpt-4.1,in-front-left,in-front-left,1,medium,6.95,1755,0.0,42,10
83,gpt-4.1,in-front-left,in-front-right,0,medium,5.53,1643,0.0,42,10
84,gpt-4.1,in-front-left,in-front-left,1,medium,9.12,1802,0.0,42,10
85,gpt-4.1,in-front-left,in-front-left,1,medium,5.20,1606,0.0,42,10
86,gpt-4.1,in-front-left,in-front-right,0,medium,6.16,1651,0.0,42,10
87,gpt-4.1,in-front-left,in-front-right,0,medium,3.79,1512,0.0,42,10
88,gpt-4.1,in-front-left,behind-left,0,medium,5.29,1617,0.0,42,10
89,gpt-4.1,in-front-left,in-front-left,1,medium,7.62,1714,0.0,42,10
90,gpt-4.1,in-front-left,in-front-left,1,medium,4.28,1581,0.0,42,10
91,gpt-4.1,in-front-left,behind-left,0,medium,3.15,1431,0.0,42,10
92,gpt-4.1,in-front-left,in-front-left,1,medium,11.62,1927,0.0,42,10
93,gpt-4.1,in-front-left,in-front-right,0,medium,7.27,1727,0.0,42,10
94,gpt-4.1,in-front-left,in-front-left,1,medium,10.03,1901,0.0,42,10
95,gpt-4.1,in-front-left,in-front-left,1,medium,6.17,1702,0.0,42,10
96,gpt-4.1,in-front-left,in-front-left,1,medium,5.00,1620,0.0,42,10
97,gpt-4.1,in-front-left,in-front-left,1,medium,5.62,1646,0.0,42,10
98,gpt-4.1,in-front-left,in-front-left,1,medium,7.41,1742,0.0,42,10
99,gpt-4.1,in-front-left,in-front-right,0,medium,6.26,1557,0.0,42,10
100,gpt-4.1,in-front-left,behind-right,0,medium,5.24,1606,0.0,42,10
101,gpt-4.1,in-front-right,behind-left,0,medium,6.79,1638,0.0,42,10
102,gpt-4.1,in-front-right,behind-left,0,medium,6.84,1704,0.0,42,10
103,gpt-4.1,in-front-right,in-front-left,0,medium,8.73,1843,0.0,42,10
104,gpt-4.1,in-front-right,in-front-right,1,medium,10.74,1955,0.0,42,10
105,gpt-4.1,in-front-right,behind-left,0,medium,6.57,1683,0.0,42,10
106,gpt-4.1,in-front-right,behind-left,0,medium,5.33,1562,0.0,42,10
107,gpt-4.1,in-front-right,behind-left,0,medium,4.35,1516,0.0,42,10
108,gpt-4.1,in-front-right,in-front-left,0,medium,3.11,1478,0.0,42,10
109,gpt-4.1,in-front-right,behind-left,0,medium,3.25,1463,0.0,42,10
110,gpt-4.1,in-front-right,in-front-right,1,medium,3.48,1476,0.0,42,10
111,gpt-4.1,in-front-right,in-front-left,0,medium,8.04,1875,0.0,42,10
112,gpt-4.1,in-front-right,in-front-right,1,medium,3.74,1475,0.0,42,10
113,gpt-4.1,in-front-right,in-front-left,0,medium,4.97,1610,0.0,42,10
114,gpt-4.1,in-front-right,behind-right,0,medium,4.59,1580,0.0,42,10
115,gpt-4.1,in-front-right,behind-right,0,medium,3.35,1479,0.0,42,10
116,gpt-4.1,in-front-right,behind-right,0,medium,7.42,1735,0.0,42,10
117,gpt-4.1,in-front-right,behind-left,0,medium,8.60,1784,0.0,42,10
118,gpt-4.1,in-front-right,behind-left,0,medium,10.96,1988,0.0,42,10
119,gpt-4.1,in-front-right,in-front-left,0,medium,6.35,1696,0.0,42,10
120,gpt-4.1,in-front-right,in-front-right,1,medium,3.54,1493,0.0,42,10
121,gpt-4.1,in-front-right,in-front-right,1,medium,12.19,2126,0.0,42,10
122,gpt-4.1,in-front-right,in-front-left,0,medium,6.74,1668,0.0,42,10
123,gpt-4.1,in-front-right,behind-left,0,medium,14.42,2247,0.0,42,10
124,gpt-4.1,in-front-right,behind-right,0,medium,5.49,1626,0.0,42,10
125,gpt-4.1,in-front-right,behind-left,0,medium,12.40,1942,0.0,42,10
126,gpt-4.1,in-front-right,in-front-right,1,medium,5.32,1628,0.0,42,10
127,gpt-4.1,in-front-right,behind-right,0,medium,6.75,1752,0.0,42,10
128,gpt-4.1,in-front-right,in-front-right,1,medium,8.10,1792,0.0,42,10
129,gpt-4.1,in-front-right,in-front-right,1,medium,7.75,1802,0.0,42,10
130,gpt-4.1,in-front-right,behind-left,0,medium,6.97,1715,0.0,42,10
131,gpt-4.1,in-front-right,in-front-left,0,medium,8.21,1852,0.0,42,10
132,gpt-4.1,in-front-right,in-front-right,1,medium,5.24,1640,0.0,42,10
133,gpt-4.1,in-front-right,in-front-right,1,medium,3.01,1469,0.0,42,10
134,gpt-4.1,in-front-right,in-front-left,0,medium,4.86,1629,0.0,42,10
135,gpt-4.1,in-front-right,in-front-right,1,medium,5.03,1655,0.0,42,10
136,gpt-4.1,in-front-right,in-front-left,0,medium,6.30,1702,0.0,42,10
137,gpt-4.1,in-front-right,behind-right,0,medium,7.01,1749,0.0,42,10
138,gpt-4.1,in-front-right,behind-left,0,medium,3.13,1459,0.0,42,10
139,gpt-4.1,in-front-right,in-front-left,0,medium,4.09,1570,0.0,42,10
140,gpt-4.1,in-front-right,behind-right,0,medium,8.75,1845,0.0,42,10
141,gpt-4.1,in-front-right,behind-right,0,medium,10.24,2048,0.0,42,10
142,gpt-4.1,in-front-right,in-front-left,0,medium,6.04,1740,0.0,42,10
143,gpt-4.1,in-front-right,in-front-right,1,medium,6.24,1752,0.0,42,10
144,gpt-4.1,in-front-right,behind-left,0,medium,4.72,1617,0.0,42,10
145,gpt-4.1,in-front-right,in-front-right,1,medium,5.42,1625,0.0,42,10
146,gpt-4.1,in-front-right,in-front-right,1,medium,3.37,1478,0.0,42,10
147,gpt-4.1,in-front-right,behind-right,0,medium,9.06,1883,0.0,42,10
148,gpt-4.1,in-front-right,behind-right,0,medium,4.73,1576,0.0,42,10
149,gpt-4.1,in-front-right,in-front-right,1,medium,4.15,1564,0.0,42,10
150,gpt-4.1,in-front-right,behind-left,0,medium,3.91,1527,0.0,42,10
151,gpt-4.1,behind-left,in-front-left,0,medium,7.59,1788,0.0,42,10
152,gpt-4.1,behind-left,behind-left,1,medium,5.60,1673,0.0,42,10
153,gpt-4.1,behind-left,behind-left,1,medium,3.85,1522,0.0,42,10
154,gpt-4.1,behind-left,behind-left,1,medium,4.13,1587,0.0,42,10
155,gpt-4.1,behind-left,behind-left,1,medium,1.94,1378,0.0,42,10
156,gpt-4.1,behind-left,behind-left,1,medium,9.01,1821,0.0,42,10
157,gpt-4.1,behind-left,in-front-left,0,medium,4.31,1585,0.0,42,10
158,gpt-4.1,behind-left,in-front-left,0,medium,5.23,1578,0.0,42,10
159,gpt-4.1,behind-left,behind-left,1,medium,5.59,1662,0.0,42,10
160,gpt-4.1,behind-left,behind-right,0,medium,4.26,1552,0.0,42,10
161,gpt-4.1,behind-left,behind-left,1,medium,8.09,1831,0.0,42,10
162,gpt-4.1,behind-left,behind-left,1,medium,3.84,1533,0.0,42,10
163,gpt-4.1,behind-left,behind-left,1,medium,2.43,1442,0.0,42,10
164,gpt-4.1,behind-left,behind-left,1,medium,2.91,1467,0.0,42,10
165,gpt-4.1,behind-left,behind-left,1,medium,8.84,1776,0.0,42,10
166,gpt-4.1,behind-left,in-front-right,0,medium,7.54,1813,0.0,42,10
167,gpt-4.1,behind-left,in-front-left,0,medium,3.96,1518,0.0,42,10
168,gpt-4.1,behind-left,behind-right,0,medium,4.40,1561,0.0,42,10
169,gpt-4.1,behind-left,behind-left,1,medium,6.56,1735,0.0,42,10
170,gpt-4.1,behind-left,in-front-right,0,medium,3.27,1453,0.0,42,10
171,gpt-4.1,behind-left,behind-left,1,medium,7.62,1801,0.0,42,10
172,gpt-4.1,behind-left,behind-left,1,medium,5.55,1623,0.0,42,10
173,gpt-4.1,behind-left,behind-left,1,medium,5.81,1686,0.0,42,10
174,gpt-4.1,behind-left,behind-left,1,medium,6.46,1529,0.0,42,10
175,gpt-4.1,behind-left,in-front-left,0,medium,4.15,1495,0.0,42,10
176,gpt-4.1,behind-left,behind-left,1,medium,7.72,1663,0.0,42,10
177,gpt-4.1,behind-left,behind-right,0,medium,6.96,1806,0.0,42,10
178,gpt-4.1,behind-left,in-front-left,0,medium,4.37,1589,0.0,42,10
179,gpt-4.1,behind-left,behind-left,1,medium,10.16,1987,0.0,42,10
180,gpt-4.1,behind-left,behind-left,1,medium,6.24,1596,0.0,42,10
181,gpt-4.1,behind-left,in-front-right,0,medium,5.19,1621,0.0,42,10
182,gpt-4.1,behind-left,in-front-left,0,medium,3.20,1471,0.0,42,10
183,gpt-4.1,behind-left,behind-right,0,medium,4.59,1576,0.0,42,10
184,gpt-4.1,behind-left,in-front-left,0,medium,5.77,1650,0.0,42,10
185,gpt-4.1,behind-left,behind-right,0,medium,5.73,1619,0.0,42,10
186,gpt-4.1,behind-left,in-front-right,0,medium,7.07,1703,0.0,42,10
187,gpt-4.1,behind-left,behind-left,1,medium,3.33,1456,0.0,42,10
188,gpt-4.1,behind-left,behind-left,1,medium,6.04,1698,0.0,42,10
189,gpt-4.1,behind-left,behind-right,0,medium,3.52,1494,0.0,42,10
190,gpt-4.1,behind-left,in-front-left,0,medium,7.90,1795,0.0,42,10
191,gpt-4.1,behind-left,behind-left,1,medium,8.39,1861,0.0,42,10
192,gpt-4.1,behind-left,behind-left,1,medium,6.02,1592,0.0,42,10
193,gpt-4.1,behind-left,behind-left,1,medium,7.39,1787,0.0,42,10
194,gpt-4.1,behind-left,behind-left,1,medium,5.56,1622,0.0,42,10
195,gpt-4.1,behind-left,behind-left,1,medium,8.47,1798,0.0,42,10
196,gpt-4.1,behind-left,behind-left,1,medium,6.14,1708,0.0,42,10
197,gpt-4.1,behind-left,behind-right,0,medium,10.12,1999,0.0,42,10
198,gpt-4.1,behind-left,behind-left,1,medium,4.28,1560,0.0,42,10
199,gpt-4.1,behind-left,behind-left,1,medium,6.18,1720,0.0,42,10
200,gpt-4.1,behind-left,behind-right,0,medium,3.75,1530,0.0,42,10
201,gpt-4.1,right,left,0,medium,10.87,2087,0.0,42,10
202,gpt-4.1,right,left,0,medium,3.85,1532,0.0,42,10
203,gpt-4.1,right,right,1,medium,3.80,1538,0.0,42,10
204,gpt-4.1,right,left,0,medium,5.48,1637,0.0,42,10
205,gpt-4.1,right,right,1,medium,4.40,1590,0.0,42,10
206,gpt-4.1,right,right,1,medium,3.45,1484,0.0,42,10
207,gpt-4.1,right,left,0,medium,6.79,1780,0.0,42,10
208,gpt-4.1,right,right,1,medium,3.87,1495,0.0,42,10
209,gpt-4.1,right,left,0,medium,6.27,1679,0.0,42,10
210,gpt-4.1,right,in-front,0,medium,6.35,1644,0.0,42,10
211,gpt-4.1,right,left,0,medium,4.49,1571,0.0,42,10
212,gpt-4.1,right,left,0,medium,5.85,1629,0.0,42,10
213,gpt-4.1,right,behind,0,medium,4.06,1541,0.0,42,10
214,gpt-4.1,right,left,0,medium,7.78,1767,0.0,42,10
215,gpt-4.1,right,left,0,medium,5.38,1638,0.0,42,10
216,gpt-4.1,right,behind,0,medium,3.64,1523,0.0,42,10
217,gpt-4.1,right,right,1,medium,5.73,1664,0.0,42,10
218,gpt-4.1,right,left,0,medium,7.40,1835,0.0,42,10
219,gpt-4.1,right,right,1,medium,4.08,1534,0.0,42,10
220,gpt-4.1,right,right,1,medium,5.27,1618,0.0,42,10
221,gpt-4.1,right,right,1,medium,6.45,1722,0.0,42,10
222,gpt-4.1,right,left,0,medium,4.81,1596,0.0,42,10
223,gpt-4.1,right,right,1,medium,2.95,1420,0.0,42,10
224,gpt-4.1,right,behind,0,medium,5.95,1642,0.0,42,10
225,gpt-4.1,right,right,1,medium,5.62,1639,0.0,42,10
226,gpt-4.1,right,in-front,0,medium,4.68,1563,0.0,42,10
227,gpt-4.1,right,left,0,medium,5.41,1666,0.0,42,10
228,gpt-4.1,right,behind,0,medium,3.67,1466,0.0,42,10
229,gpt-4.1,right,left,0,medium,2.49,1403,0.0,42,10
230,gpt-4.1,right,right,1,medium,3.75,1527,0.0,42,10
231,gpt-4.1,right,right,1,medium,7.61,1682,0.0,42,10
232,gpt-4.1,right,left,0,medium,6.07,1555,0.0,42,10
233,gpt-4.1,right,right,1,medium,6.29,1700,0.0,42,10
234,gpt-4.1,right,right,1,medium,5.93,1686,0.0,42,10
235,gpt-4.1,right,right,1,medium,6.95,1758,0.0,42,10
236,gpt-4.1,right,right,1,medium,5.15,1609,0.0,42,10
237,gpt-4.1,right,right,1,medium,4.83,1546,0.0,42,10
238,gpt-4.1,right,right,1,medium,5.03,1585,0.0,42,10
239,gpt-4.1,right,left,0,medium,5.22,1561,0.0,42,10
240,gpt-4.1,right,right,1,medium,4.36,1553,0.0,42,10
241,gpt-4.1,right,right,1,medium,3.83,1537,0.0,42,10
242,gpt-4.1,right,in-front,0,medium,4.92,1589,0.0,42,10
243,gpt-4.1,right,right,1,medium,7.66,1830,0.0,42,10
244,gpt-4.1,right,right,1,medium,5.59,1646,0.0,42,10
245,gpt-4.1,right,right,1,medium,4.88,1606,0.0,42,10
246,gpt-4.1,right,in-front,0,medium,5.16,1640,0.0,42,10
247,gpt-4.1,right,left,0,medium,5.35,1561,0.0,42,10
248,gpt-4.1,right,in-front,0,medium,4.99,1584,0.0,42,10
249,gpt-4.1,right,right,1,medium,4.14,1527,0.0,42,10
250,gpt-4.1,right,right,1,medium,3.91,1530,0.0,42,10
251,gpt-4.1,behind,right,0,medium,3.71,1508,0.0,42,10
252,gpt-4.1,behind,behind,1,medium,2.86,1442,0.0,42,10
253,gpt-4.1,behind,behind,1,medium,6.90,1750,0.0,42,10
254,gpt-4.1,behind,left,0,medium,5.06,1580,0.0,42,10
255,gpt-4.1,behind,behind,1,medium,4.82,1546,0.0,42,10
256,gpt-4.1,behind,behind,1,medium,9.68,1916,0.0,42,10
257,gpt-4.1,behind,in-front,0,medium,6.86,1751,0.0,42,10
258,gpt-4.1,behind,behind,1,medium,6.22,1692,0.0,42,10
259,gpt-4.1,behind,behind,1,medium,4.28,1506,0.0,42,10
260,gpt-4.1,behind,behind,1,medium,4.81,1566,0.0,42,10
261,gpt-4.1,behind,behind,1,medium,7.55,1728,0.0,42,10
262,gpt-4.1,behind,behind,1,medium,3.69,1522,0.0,42,10
263,gpt-4.1,behind,behind,1,medium,3.35,1519,0.0,42,10
264,gpt-4.1,behind,left,0,medium,3.53,1494,0.0,42,10
265,gpt-4.1,behind,right,0,medium,4.95,1570,0.0,42,10
266,gpt-4.1,behind,behind,1,medium,6.58,1667,0.0,42,10
267,gpt-4.1,behind,in-front,0,medium,4.41,1591,0.0,42,10
268,gpt-4.1,behind,behind,1,medium,2.30,1400,0.0,42,10
269,gpt-4.1,behind,behind,1,medium,7.41,1735,0.0,42,10
270,gpt-4.1,behind,behind,1,medium,4.46,1560,0.0,42,10
271,gpt-4.1,behind,behind,1,medium,3.07,1421,0.0,42,10
272,gpt-4.1,behind,behind,1,medium,3.78,1546,0.0,42,10
273,gpt-4.1,behind,behind,1,medium,3.08,1451,0.0,42,10
274,gpt-4.1,behind,in-front-left,0,medium,10.58,1986,0.0,42,10
275,gpt-4.1,behind,left,0,medium,4.67,1472,0.0,42,10
276,gpt-4.1,behind,behind,1,medium,5.83,1705,0.0,42,10
277,gpt-4.1,behind,left,0,medium,9.77,2045,0.0,42,10
278,gpt-4.1,behind,behind,1,medium,3.55,1526,0.0,42,10
279,gpt-4.1,behind,behind,1,medium,3.48,1471,0.0,42,10
280,gpt-4.1,behind,left,0,medium,5.98,1654,0.0,42,10
281,gpt-4.1,behind,behind,1,medium,4.81,1635,0.0,42,10
282,gpt-4.1,behind,in-front,0,medium,6.76,1751,0.0,42,10
283,gpt-4.1,behind,behind,1,medium,7.54,1806,0.0,42,10
284,gpt-4.1,behind,behind,1,medium,4.30,1553,0.0,42,10
285,gpt-4.1,behind,behind,1,medium,4.04,1559,0.0,42,10
286,gpt-4.1,behind,behind,1,medium,4.61,1587,0.0,42,10
287,gpt-4.1,behind,in-front,0,medium,5.42,1696,0.0,42,10
288,gpt-4.1,behind,behind,1,medium,5.32,1666,0.0,42,10
289,gpt-4.1,behind,left,0,medium,4.26,1534,0.0,42,10
290,gpt-4.1,behind,in-front,0,medium,2.98,1481,0.0,42,10
291,gpt-4.1,behind,right,0,medium,5.97,1737,0.0,42,10
292,gpt-4.1,behind,right,0,medium,8.79,1900,0.0,42,10
293,gpt-4.1,behind,behind,1,medium,2.96,1426,0.0,42,10
294,gpt-4.1,behind,left,0,medium,8.33,1813,0.0,42,10
295,gpt-4.1,behind,right,0,medium,5.73,1663,0.0,42,10
296,gpt-4.1,behind,behind,1,medium,7.69,1818,0.0,42,10
297,gpt-4.1,behind,behind,1,medium,7.13,1742,0.0,42,10
298,gpt-4.1,behind,behind,1,medium,4.91,1619,0.0,42,10
299,gpt-4.1,behind,in-front,0,medium,3.48,1492,0.0,42,10
300,gpt-4.1,behind,behind,1,medium,5.16,1582,0.0,42,10
301,gpt-4.1,left,in-front,0,medium,4.78,1565,0.0,42,10
302,gpt-4.1,left,in-front,0,medium,4.71,1542,0.0,42,10
303,gpt-4.1,left,in-front,0,medium,4.65,1597,0.0,42,10
304,gpt-4.1,left,left,1,medium,8.39,1822,0.0,42,10
305,gpt-4.1,left,left,1,medium,7.17,1672,0.0,42,10
306,gpt-4.1,left,in-front,0,medium,9.27,1849,0.0,42,10
307,gpt-4.1,left,right,0,medium,3.19,1455,0.0,42,10
308,gpt-4.1,left,left,1,medium,6.07,1676,0.0,42,10
309,gpt-4.1,left,in-front,0,medium,6.76,1683,0.0,42,10
310,gpt-4.1,left,right,0,medium,6.96,1714,0.0,42,10
311,gpt-4.1,left,left,1,medium,5.19,1572,0.0,42,10
312,gpt-4.1,left,left,1,medium,4.61,1559,0.0,42,10
313,gpt-4.1,left,left,1,medium,8.13,1798,0.0,42,10
314,gpt-4.1,left,behind,0,medium,8.29,1673,0.0,42,10
315,gpt-4.1,left,left,1,medium,7.03,1680,0.0,42,10
316,gpt-4.1,left,in-front,0,medium,5.76,1583,0.0,42,10
317,gpt-4.1,left,right,0,medium,5.44,1598,0.0,42,10
318,gpt-4.1,left,right,0,medium,3.55,1490,0.0,42,10
319,gpt-4.1,left,left,1,medium,7.21,1719,0.0,42,10
320,gpt-4.1,left,right,0,medium,4.05,1496,0.0,42,10
321,gpt-4.1,left,right,0,medium,6.54,1749,0.0,42,10
322,gpt-4.1,left,in-front,0,medium,5.88,1664,0.0,42,10
323,gpt-4.1,left,behind,0,medium,5.02,1599,0.0,42,10
324,gpt-4.1,left,right,0,medium,5.53,1617,0.0,42,10
325,gpt-4.1,left,behind,0,medium,4.79,1582,0.0,42,10
326,gpt-4.1,left,behind,0,medium,5.75,1526,0.0,42,10
327,gpt-4.1,left,right,0,medium,4.47,1521,0.0,42,10
328,gpt-4.1,left,left,1,medium,3.89,1516,0.0,42,10
329,gpt-4.1,left,left,1,medium,3.89,1534,0.0,42,10
330,gpt-4.1,left,left,1,medium,5.75,1675,0.0,42,10
331,gpt-4.1,left,left,1,medium,3.67,1522,0.0,42,10
332,gpt-4.1,left,in-front,0,medium,9.10,1617,0.0,42,10
333,gpt-4.1,left,in-front,0,medium,5.75,1542,0.0,42,10
334,gpt-4.1,left,left,1,medium,3.78,1537,0.0,42,10
335,gpt-4.1,left,left,1,medium,2.67,1435,0.0,42,10
336,gpt-4.1,left,in-front,0,medium,3.89,1497,0.0,42,10
337,gpt-4.1,left,right,0,medium,6.38,1649,0.0,42,10
338,gpt-4.1,left,right,0,medium,7.49,1768,0.0,42,10
339,gpt-4.1,left,right,0,medium,3.64,1504,0.0,42,10
340,gpt-4.1,left,right,0,medium,5.22,1563,0.0,42,10
341,gpt-4.1,left,right,0,medium,5.67,1636,0.0,42,10
342,gpt-4.1,left,right,0,medium,8.29,1713,0.0,42,10
343,gpt-4.1,left,left,1,medium,5.80,1695,0.0,42,10
344,gpt-4.1,left,right,0,medium,4.24,1567,0.0,42,10
345,gpt-4.1,left,left,1,medium,3.65,1515,0.0,42,10
346,gpt-4.1,left,right,0,medium,5.06,1616,0.0,42,10
347,gpt-4.1,left,in-front,0,medium,3.45,1449,0.0,42,10
348,gpt-4.1,left,left,1,medium,8.91,1966,0.0,42,10
349,gpt-4.1,left,in-front,0,medium,2.76,1403,0.0,42,10
350,gpt-4.1,left,left,1,medium,5.53,1597,0.0,42,10
351,gpt-4.1,in-front,in-front,1,medium,23.59,1894,0.0,42,10
352,gpt-4.1,in-front,right,0,medium,3.38,1462,0.0,42,10
353,gpt-4.1,in-front,right,0,medium,6.14,1799,0.0,42,10
354,gpt-4.1,in-front,behind,0,medium,14.52,2376,0.0,42,10
355,gpt-4.1,in-front,in-front,1,medium,3.66,1512,0.0,42,10
356,gpt-4.1,in-front,in-front,1,medium,5.54,1665,0.0,42,10
357,gpt-4.1,in-front,left,0,medium,5.40,1652,0.0,42,10
358,gpt-4.1,in-front,left,0,medium,6.67,1722,0.0,42,10
359,gpt-4.1,in-front,left,0,medium,5.80,1693,0.0,42,10
360,gpt-4.1,in-front,left,0,medium,8.83,1664,0.0,42,10
361,gpt-4.1,in-front,in-front,1,medium,3.08,1493,0.0,42,10
362,gpt-4.1,in-front,right,0,medium,5.92,1667,0.0,42,10
363,gpt-4.1,in-front,behind,0,medium,6.76,1705,0.0,42,10
364,gpt-4.1,in-front,in-front,1,medium,6.23,1698,0.0,42,10
365,gpt-4.1,in-front,left,0,medium,5.73,1613,0.0,42,10
366,gpt-4.1,in-front,in-front,1,medium,6.64,1752,0.0,42,10
367,gpt-4.1,in-front,in-front,1,medium,5.33,1618,0.0,42,10
368,gpt-4.1,in-front,in-front,1,medium,6.34,1757,0.0,42,10
369,gpt-4.1,in-front,left,0,medium,2.92,1459,0.0,42,10
370,gpt-4.1,in-front,right,0,medium,6.50,1716,0.0,42,10
371,gpt-4.1,in-front,in-front,1,medium,4.90,1602,0.0,42,10
372,gpt-4.1,in-front,left,0,medium,8.79,1905,0.0,42,10
373,gpt-4.1,in-front,in-front,1,medium,4.95,1609,0.0,42,10
374,gpt-4.1,in-front,left,0,medium,9.99,1867,0.0,42,10
375,gpt-4.1,in-front,in-front,1,medium,4.96,1629,0.0,42,10
376,gpt-4.1,in-front,in-front,1,medium,7.36,1775,0.0,42,10
377,gpt-4.1,in-front,behind,0,medium,6.25,1713,0.0,42,10
378,gpt-4.1,in-front,right,0,medium,6.97,1805,0.0,42,10
379,gpt-4.1,in-front,in-front,1,medium,2.85,1438,0.0,42,10
380,gpt-4.1,in-front,right,0,medium,6.67,1689,0.0,42,10
381,gpt-4.1,in-front,right,0,medium,6.87,1730,0.0,42,10
382,gpt-4.1,in-front,behind,0,medium,3.55,1472,0.0,42,10
383,gpt-4.1,in-front,left,0,medium,3.57,1508,0.0,42,10
384,gpt-4.1,in-front,right,0,medium,3.48,1514,0.0,42,10
385,gpt-4.1,in-front,behind,0,medium,4.73,1639,0.0,42,10
386,gpt-4.1,in-front,in-front,1,medium,7.69,1831,0.0,42,10
387,gpt-4.1,in-front,behind,0,medium,5.22,1622,0.0,42,10
388,gpt-4.1,in-front,in-front,1,medium,6.87,1736,0.0,42,10
389,gpt-4.1,in-front,in-front,1,medium,3.78,1536,0.0,42,10
390,gpt-4.1,in-front,in-front,1,medium,9.20,1986,0.0,42,10
391,gpt-4.1,in-front,right,0,medium,4.19,1554,0.0,42,10
392,gpt-4.1,in-front,in-front,1,medium,3.79,1500,0.0,42,10
393,gpt-4.1,in-front,behind,0,medium,4.61,1584,0.0,42,10
394,gpt-4.1,in-front,left,0,medium,6.47,1643,0.0,42,10
395,gpt-4.1,in-front,in-front,1,medium,8.48,1814,0.0,42,10
396,gpt-4.1,in-front,in-front,1,medium,3.43,1504,0.0,42,10
397,gpt-4.1,in-front,in-front,1,medium,7.26,1765,0.0,42,10
398,gpt-4.1,in-front,in-front,1,medium,9.80,1982,0.0,42,10
399,gpt-4.1,in-front,in-front,1,medium,4.80,1551,0.0,42,10
400,gpt-4.1,in-front,left,0,medium,5.68,1710,0.0,42,10
401,gpt-4.1,left,behind-left,0,medium,7.17,1829,0.0,42,10
402,gpt-4.1,left,behind-left,0,medium,5.53,1633,0.0,42,10
403,gpt-4.1,left,in-front-left,0,medium,5.94,1680,0.0,42,10
404,gpt-4.1,left,behind-left,0,medium,5.84,1682,0.0,42,10
405,gpt-4.1,left,in-front-right,0,medium,6.38,1658,0.0,42,10
406,gpt-4.1,left,in-front-left,0,medium,6.10,1689,0.0,42,10
407,gpt-4.1,left,in-front-left,0,medium,4.36,1551,0.0,42,10
408,gpt-4.1,left,in-front-left,0,medium,7.76,1736,0.0,42,10
409,gpt-4.1,left,behind-right,0,medium,4.57,1611,0.0,42,10
410,gpt-4.1,left,behind-left,0,medium,3.23,1437,0.0,42,10
411,gpt-4.1,left,left,1,medium,4.87,1548,0.0,42,10
412,gpt-4.1,left,behind-right,0,medium,7.16,1782,0.0,42,10
413,gpt-4.1,left,in-front-right,0,medium,7.80,1796,0.0,42,10
414,gpt-4.1,left,behind-left,0,medium,4.64,1545,0.0,42,10
415,gpt-4.1,left,behind-left,0,medium,6.85,1746,0.0,42,10
416,gpt-4.1,left,in-front-right,0,medium,9.54,2005,0.0,42,10
417,gpt-4.1,left,in-front-left,0,medium,5.36,1611,0.0,42,10
418,gpt-4.1,left,left,1,medium,4.86,1576,0.0,42,10
419,gpt-4.1,left,in-front,0,medium,8.45,1847,0.0,42,10
420,gpt-4.1,left,behind-left,0,medium,6.04,1647,0.0,42,10
421,gpt-4.1,left,behind-right,0,medium,6.51,1715,0.0,42,10
422,gpt-4.1,left,behind-right,0,medium,4.19,1520,0.0,42,10
423,gpt-4.1,left,in-front-left,0,medium,8.41,1890,0.0,42,10
424,gpt-4.1,left,in-front-left,0,medium,8.62,1883,0.0,42,10
425,gpt-4.1,left,behind-right,0,medium,8.43,1942,0.0,42,10
426,gpt-4.1,left,behind-left,0,medium,4.55,1535,0.0,42,10
427,gpt-4.1,left,behind-right,0,medium,8.55,1861,0.0,42,10
428,gpt-4.1,left,in-front-left,0,medium,5.33,1625,0.0,42,10
429,gpt-4.1,left,in-front-left,0,medium,8.77,1717,0.0,42,10
430,gpt-4.1,left,behind-left,0,medium,5.42,1671,0.0,42,10
431,gpt-4.1,left,in-front-right,0,medium,4.57,1567,0.0,42,10
432,gpt-4.1,left,behind-right,0,medium,5.66,1642,0.0,42,10
433,gpt-4.1,left,behind-right,0,medium,6.74,1706,0.0,42,10
434,gpt-4.1,left,in-front-left,0,medium,5.81,1620,0.0,42,10
435,gpt-4.1,left,behind-left,0,medium,4.67,1620,0.0,42,10
436,gpt-4.1,left,in-front-right,0,medium,7.83,1885,0.0,42,10
437,gpt-4.1,left,behind-left,0,medium,7.25,1802,0.0,42,10
438,gpt-4.1,left,in-front-left,0,medium,6.36,1731,0.0,42,10
439,gpt-4.1,left,behind-right,0,medium,5.84,1628,0.0,42,10
440,gpt-4.1,left,right,0,medium,6.61,1682,0.0,42,10
441,gpt-4.1,left,right,0,medium,6.91,1799,0.0,42,10
442,gpt-4.1,left,behind-left,0,medium,6.14,1723,0.0,42,10
443,gpt-4.1,left,behind,0,medium,4.15,1524,0.0,42,10
444,gpt-4.1,left,in-front-left,0,medium,7.52,1777,0.0,42,10
445,gpt-4.1,left,in-front-left,0,medium,4.92,1626,0.0,42,10
446,gpt-4.1,left,behind-right,0,medium,5.54,1651,0.0,42,10
447,gpt-4.1,left,left,1,medium,7.43,1812,0.0,42,10
448,gpt-4.1,left,in-front-left,0,medium,11.80,2030,0.0,42,10
449,gpt-4.1,left,behind-right,0,medium,5.63,1702,0.0,42,10
450,gpt-4.1,left,behind-left,0,medium,7.06,1734,0.0,42,10
451,gpt-4.1,in-front,in-front-right,0,medium,4.72,1620,0.0,42,10
452,gpt-4.1,in-front,in-front-right,0,medium,5.04,1666,0.0,42,10
453,gpt-4.1,in-front,in-front-right,0,medium,4.89,1593,0.0,42,10
454,gpt-4.1,in-front,in-front-left,0,medium,2.62,1408,0.0,42,10
455,gpt-4.1,in-front,left,0,medium,5.16,1623,0.0,42,10
456,gpt-4.1,in-front,in-front,1,medium,6.25,1725,0.0,42,10
457,gpt-4.1,in-front,in-front-left,0,medium,6.35,1703,0.0,42,10
458,gpt-4.1,in-front,in-front-right,0,medium,11.27,1867,0.0,42,10
459,gpt-4.1,in-front,in-front-left,0,medium,5.07,1603,0.0,42,10
460,gpt-4.1,in-front,left,0,medium,2.20,1387,0.0,42,10
461,gpt-4.1,in-front,in-front-right,0,medium,7.04,1808,0.0,42,10
462,gpt-4.1,in-front,in-front-left,0,medium,4.18,1554,0.0,42,10
463,gpt-4.1,in-front,in-front-right,0,medium,5.71,1640,0.0,42,10
464,gpt-4.1,in-front,in-front-left,0,medium,3.91,1534,0.0,42,10
465,gpt-4.1,in-front,right,0,medium,5.36,1629,0.0,42,10
466,gpt-4.1,in-front,in-front-right,0,medium,6.61,1758,0.0,42,10
467,gpt-4.1,in-front,in-front-left,0,medium,6.19,1744,0.0,42,10
468,gpt-4.1,in-front,behind-left,0,medium,7.37,1650,0.0,42,10
469,gpt-4.1,in-front,in-front-right,0,medium,6.56,1723,0.0,42,10
470,gpt-4.1,in-front,in-front-left,0,medium,6.66,1704,0.0,42,10
471,gpt-4.1,in-front,in-front-left,0,medium,6.20,1569,0.0,42,10
472,gpt-4.1,in-front,behind-right,0,medium,5.15,1643,0.0,42,10
473,gpt-4.1,in-front,in-front,1,medium,4.32,1578,0.0,42,10
474,gpt-4.1,in-front,in-front-right,0,medium,5.31,1661,0.0,42,10
475,gpt-4.1,in-front,in-front-right,0,medium,6.51,1793,0.0,42,10
476,gpt-4.1,in-front,in-front-left,0,medium,4.23,1564,0.0,42,10
477,gpt-4.1,in-front,in-front-left,0,medium,8.00,1810,0.0,42,10
478,gpt-4.1,in-front,in-front,1,medium,4.61,1592,0.0,42,10
479,gpt-4.1,in-front,in-front-left,0,medium,7.78,1841,0.0,42,10
480,gpt-4.1,in-front,in-front-left,0,medium,5.42,1686,0.0,42,10
481,gpt-4.1,in-front,in-front-right,0,medium,7.38,1844,0.0,42,10
482,gpt-4.1,in-front,in-front-right,0,medium,7.48,1834,0.0,42,10
483,gpt-4.1,in-front,in-front-right,0,medium,7.36,1763,0.0,42,10
484,gpt-4.1,in-front,in-front-left,0,medium,8.27,1787,0.0,42,10
485,gpt-4.1,in-front,in-front-left,0,medium,4.34,1558,0.0,42,10
486,gpt-4.1,in-front,in-front-left,0,medium,5.32,1626,0.0,42,10
487,gpt-4.1,in-front,in-front,1,medium,2.62,1417,0.0,42,10
488,gpt-4.1,in-front,behind-left,0,medium,4.20,1552,0.0,42,10
489,gpt-4.1,in-front,in-front-left,0,medium,8.74,1909,0.0,42,10
490,gpt-4.1,in-front,behind-right,0,medium,5.20,1656,0.0,42,10
491,gpt-4.1,in-front,in-front-left,0,medium,6.25,1675,0.0,42,10
492,gpt-4.1,in-front,in-front-right,0,medium,3.83,1516,0.0,42,10
493,gpt-4.1,in-front,behind-right,0,medium,6.97,1771,0.0,42,10
494,gpt-4.1,in-front,in-front-left,0,medium,6.32,1666,0.0,42,10
495,gpt-4.1,in-front,in-front-right,0,medium,5.94,1630,0.0,42,10
496,gpt-4.1,in-front,behind-right,0,medium,7.01,1712,0.0,42,10
497,gpt-4.1,in-front,in-front,1,medium,6.01,1622,0.0,42,10
498,gpt-4.1,in-front,in-front-right,0,medium,9.21,1899,0.0,42,10
499,gpt-4.1,in-front,in-front,1,medium,5.02,1613,0.0,42,10
500,gpt-4.1,in-front,left,0,medium,9.03,1770,0.0,42,10
501,gpt-4.1,right,behind-right,0,medium,8.91,2013,0.0,42,10
502,gpt-4.1,right,in-front-right,0,medium,8.54,1857,0.0,42,10
503,gpt-4.1,right,in-front-left,0,medium,10.90,1989,0.0,42,10
504,gpt-4.1,right,left,0,medium,4.25,1510,0.0,42,10
505,gpt-4.1,right,in-front-right,0,medium,6.32,1717,0.0,42,10
506,gpt-4.1,right,left,0,medium,5.80,1702,0.0,42,10
507,gpt-4.1,right,in-front-left,0,medium,5.03,1634,0.0,42,10
508,gpt-4.1,right,in-front-right,0,medium,10.81,1978,0.0,42,10
509,gpt-4.1,right,in-front-right,0,medium,5.35,1639,0.0,42,10
510,gpt-4.1,right,in-front-right,0,medium,12.57,1901,0.0,42,10
511,gpt-4.1,right,right,1,medium,6.61,1708,0.0,42,10
512,gpt-4.1,right,in-front-right,0,medium,6.83,1755,0.0,42,10
513,gpt-4.1,right,in-front-right,0,medium,8.29,1774,0.0,42,10
514,gpt-4.1,right,in-front-left,0,medium,6.45,1677,0.0,42,10
515,gpt-4.1,right,behind,0,medium,4.27,1551,0.0,42,10
516,gpt-4.1,right,in-front,0,medium,2.21,1363,0.0,42,10
517,gpt-4.1,right,in-front-left,0,medium,6.78,1756,0.0,42,10
518,gpt-4.1,right,behind-left,0,medium,7.09,1754,0.0,42,10
519,gpt-4.1,right,in-front-right,0,medium,6.99,1833,0.0,42,10
520,gpt-4.1,right,in-front-left,0,medium,8.61,1890,0.0,42,10
521,gpt-4.1,right,in-front-right,0,medium,6.65,1738,0.0,42,10
522,gpt-4.1,right,behind-left,0,medium,4.68,1613,0.0,42,10
523,gpt-4.1,right,left,0,medium,2.96,1406,0.0,42,10
524,gpt-4.1,right,right,1,medium,4.27,1537,0.0,42,10
525,gpt-4.1,right,behind-left,0,medium,5.51,1539,0.0,42,10
526,gpt-4.1,right,in-front,0,medium,6.13,1741,0.0,42,10
527,gpt-4.1,right,left,0,medium,5.04,1603,0.0,42,10
528,gpt-4.1,right,right,1,medium,5.93,1715,0.0,42,10
529,gpt-4.1,right,in-front-right,0,medium,6.03,1683,0.0,42,10
530,gpt-4.1,right,behind-right,0,medium,6.77,1673,0.0,42,10
531,gpt-4.1,right,in-front-right,0,medium,6.25,1727,0.0,42,10
532,gpt-4.1,right,behind-right,0,medium,7.06,1708,0.0,42,10
533,gpt-4.1,right,in-front-right,0,medium,6.76,1738,0.0,42,10
534,gpt-4.1,right,in-front-right,0,medium,3.95,1537,0.0,42,10
535,gpt-4.1,right,right,1,medium,5.40,1680,0.0,42,10
536,gpt-4.1,right,right,1,medium,7.88,1859,0.0,42,10
537,gpt-4.1,right,behind,0,medium,2.69,1372,0.0,42,10
538,gpt-4.1,right,right,1,medium,8.35,1894,0.0,42,10
539,gpt-4.1,right,right,1,medium,4.91,1577,0.0,42,10
540,gpt-4.1,right,in-front-right,0,medium,6.97,1709,0.0,42,10
541,gpt-4.1,right,behind-left,0,medium,6.95,1741,0.0,42,10
542,gpt-4.1,right,in-front-left,0,medium,5.74,1600,0.0,42,10
543,gpt-4.1,right,left,0,medium,6.82,1651,0.0,42,10
544,gpt-4.1,right,behind-right,0,medium,5.59,1613,0.0,42,10
545,gpt-4.1,right,behind-right,0,medium,4.80,1579,0.0,42,10
546,gpt-4.1,right,in-front-right,0,medium,5.72,1668,0.0,42,10
547,gpt-4.1,right,behind-right,0,medium,5.93,1680,0.0,42,10
548,gpt-4.1,right,right,1,medium,6.96,1713,0.0,42,10
549,gpt-4.1,right,in-front-right,0,medium,6.01,1673,0.0,42,10
550,gpt-4.1,right,behind-left,0,medium,7.06,1740,0.0,42,10
551,gpt-4.1,behind-left,behind,0,medium,5.99,1666,0.0,42,10
552,gpt-4.1,behind-left,left,0,medium,4.92,1586,0.0,42,10
553,gpt-4.1,behind-left,behind-right,0,medium,4.87,1573,0.0,42,10
554,gpt-4.1,behind-left,behind-left,1,medium,2.64,1411,0.0,42,10
555,gpt-4.1,behind-left,behind,0,medium,7.88,1761,0.0,42,10
556,gpt-4.1,behind-left,behind-right,0,medium,3.08,1415,0.0,42,10
557,gpt-4.1,behind-left,behind-right,0,medium,3.62,1451,0.0,42,10
558,gpt-4.1,behind-left,behind-right,0,medium,3.33,1452,0.0,42,10
559,gpt-4.1,behind-left,behind-left,1,medium,4.54,1481,0.0,42,10
560,gpt-4.1,behind-left,behind,0,medium,8.81,1971,0.0,42,10
561,gpt-4.1,behind-left,behind-right,0,medium,3.31,1440,0.0,42,10
562,gpt-4.1,behind-left,behind-left,1,medium,3.18,1448,0.0,42,10
563,gpt-4.1,behind-left,behind-left,1,medium,5.62,1642,0.0,42,10
564,gpt-4.1,behind-left,left,0,medium,4.46,1593,0.0,42,10
565,gpt-4.1,behind-left,behind-right,0,medium,3.93,1470,0.0,42,10
566,gpt-4.1,behind-left,behind-left,1,medium,3.64,1534,0.0,42,10
567,gpt-4.1,behind-left,behind-right,0,medium,3.09,1442,0.0,42,10
568,gpt-4.1,behind-left,behind-left,1,medium,3.54,1503,0.0,42,10
569,gpt-4.1,behind-left,behind-left,1,medium,3.44,1433,0.0,42,10
570,gpt-4.1,behind-left,behind-left,1,medium,3.87,1516,0.0,42,10
571,gpt-4.1,behind-left,behind-left,1,medium,5.69,1663,0.0,42,10
572,gpt-4.1,behind-left,behind-left,1,medium,7.13,1881,0.0,42,10
573,gpt-4.1,behind-left,behind-right,0,medium,3.54,1480,0.0,42,10
574,gpt-4.1,behind-left,in-front-right,0,medium,3.69,1512,0.0,42,10
575,gpt-4.1,behind-left,behind-left,1,medium,4.81,1514,0.0,42,10
576,gpt-4.1,behind-left,behind,0,medium,7.36,1778,0.0,42,10
577,gpt-4.1,behind-left,behind-left,1,medium,2.98,1422,0.0,42,10
578,gpt-4.1,behind-left,right,0,medium,7.00,1595,0.0,42,10
579,gpt-4.1,behind-left,behind-right,0,medium,8.96,1988,0.0,42,10
580,gpt-4.1,behind-left,behind-left,1,medium,6.92,1764,0.0,42,10
581,gpt-4.1,behind-left,behind-right,0,medium,2.41,1406,0.0,42,10
582,gpt-4.1,behind-left,behind-left,1,medium,3.73,1487,0.0,42,10
583,gpt-4.1,behind-left,behind-left,1,medium,5.76,1699,0.0,42,10
584,gpt-4.1,behind-left,behind-left,1,medium,5.51,1666,0.0,42,10
585,gpt-4.1,behind-left,behind-left,1,medium,3.86,1417,0.0,42,10
586,gpt-4.1,behind-left,behind-left,1,medium,5.01,1524,0.0,42,10
587,gpt-4.1,behind-left,behind-left,1,medium,8.14,1866,0.0,42,10
588,gpt-4.1,behind-left,behind-right,0,medium,9.72,1953,0.0,42,10
589,gpt-4.1,behind-left,behind-left,1,medium,5.22,1614,0.0,42,10
590,gpt-4.1,behind-left,behind-right,0,medium,7.31,1781,0.0,42,10
591,gpt-4.1,behind-left,behind-left,1,medium,4.32,1477,0.0,42,10
592,gpt-4.1,behind-left,behind-left,1,medium,7.69,1823,0.0,42,10
593,gpt-4.1,behind-left,behind-right,0,medium,6.88,1728,0.0,42,10
594,gpt-4.1,behind-left,left,0,medium,6.75,1689,0.0,42,10
595,gpt-4.1,behind-left,behind-right,0,medium,4.35,1535,0.0,42,10
596,gpt-4.1,behind-left,behind-left,1,medium,6.97,1796,0.0,42,10
597,gpt-4.1,behind-left,behind-right,0,medium,5.40,1663,0.0,42,10
598,gpt-4.1,behind-left,behind-left,1,medium,2.83,1402,0.0,42,10
599,gpt-4.1,behind-left,behind-left,1,medium,3.69,1497,0.0,42,10
600,gpt-4.1,behind-left,behind-left,1,medium,8.64,1787,0.0,42,10
601,gpt-4.1,behind,behind-left,0,medium,4.98,1599,0.0,42,10
602,gpt-4.1,behind,behind-right,0,medium,6.37,1682,0.0,42,10
603,gpt-4.1,behind,behind-right,0,medium,5.03,1614,0.0,42,10
604,gpt-4.1,behind,behind-left,0,medium,5.63,1664,0.0,42,10
605,gpt-4.1,behind,behind-right,0,medium,4.37,1537,0.0,42,10
606,gpt-4.1,behind,behind-right,0,medium,3.79,1513,0.0,42,10
607,gpt-4.1,behind,behind-right,0,medium,4.40,1576,0.0,42,10
608,gpt-4.1,behind,right,0,medium,3.25,1482,0.0,42,10
609,gpt-4.1,behind,behind-left,0,medium,4.01,1518,0.0,42,10
610,gpt-4.1,behind,behind-right,0,medium,5.34,1650,0.0,42,10
611,gpt-4.1,behind,behind-right,0,medium,5.65,1699,0.0,42,10
612,gpt-4.1,behind,behind,1,medium,3.51,1448,0.0,42,10
613,gpt-4.1,behind,behind-left,0,medium,6.87,1795,0.0,42,10
614,gpt-4.1,behind,behind,1,medium,4.01,1532,0.0,42,10
615,gpt-4.1,behind,behind-left,0,medium,6.53,1777,0.0,42,10
616,gpt-4.1,behind,behind-left,0,medium,4.90,1625,0.0,42,10
617,gpt-4.1,behind,behind-right,0,medium,4.53,1558,0.0,42,10
618,gpt-4.1,behind,behind-right,0,medium,4.30,1539,0.0,42,10
619,gpt-4.1,behind,behind-left,0,medium,5.17,1608,0.0,42,10
620,gpt-4.1,behind,behind-left,0,medium,3.57,1484,0.0,42,10
621,gpt-4.1,behind,behind-right,0,medium,4.87,1622,0.0,42,10
622,gpt-4.1,behind,behind-left,0,medium,6.49,1738,0.0,42,10
623,gpt-4.1,behind,behind-right,0,medium,12.52,2322,0.0,42,10
624,gpt-4.1,behind,behind-left,0,medium,6.69,1781,0.0,42,10
625,gpt-4.1,behind,behind-right,0,medium,13.06,2114,0.0,42,10
626,gpt-4.1,behind,behind,1,medium,3.99,1552,0.0,42,10
627,gpt-4.1,behind,behind,1,medium,3.87,1544,0.0,42,10
628,gpt-4.1,behind,behind,1,medium,6.33,1785,0.0,42,10
629,gpt-4.1,behind,behind-right,0,medium,7.03,1854,0.0,42,10
630,gpt-4.1,behind,behind-left,0,medium,7.05,1793,0.0,42,10
631,gpt-4.1,behind,behind-left,0,medium,5.32,1622,0.0,42,10
632,gpt-4.1,behind,behind-right,0,medium,5.44,1710,0.0,42,10
633,gpt-4.1,behind,behind-left,0,medium,9.37,1884,0.0,42,10
634,gpt-4.1,behind,behind-right,0,medium,5.24,1664,0.0,42,10
635,gpt-4.1,behind,behind-left,0,medium,6.45,1729,0.0,42,10
636,gpt-4.1,behind,behind-right,0,medium,6.46,1699,0.0,42,10
637,gpt-4.1,behind,behind,1,medium,6.09,1751,0.0,42,10
638,gpt-4.1,behind,in-front-left,0,medium,7.90,1838,0.0,42,10
639,gpt-4.1,behind,behind,1,medium,5.70,1646,0.0,42,10
640,gpt-4.1,behind,behind-right,0,medium,5.71,1613,0.0,42,10
641,gpt-4.1,behind,right,0,medium,4.78,1603,0.0,42,10
642,gpt-4.1,behind,behind-right,0,medium,7.57,1808,0.0,42,10
643,gpt-4.1,behind,behind-right,0,medium,8.25,1880,0.0,42,10
644,gpt-4.1,behind,behind-right,0,medium,5.92,1703,0.0,42,10
645,gpt-4.1,behind,behind,1,medium,5.59,1640,0.0,42,10
646,gpt-4.1,behind,behind-right,0,medium,8.21,1767,0.0,42,10
647,gpt-4.1,behind,behind,1,medium,2.32,1360,0.0,42,10
648,gpt-4.1,behind,behind-right,0,medium,6.30,1691,0.0,42,10
649,gpt-4.1,behind,behind-left,0,medium,5.59,1709,0.0,42,10
650,gpt-4.1,behind,behind,1,medium,4.41,1539,0.0,42,10
651,gpt-4.1,in-front-right,right,0,medium,5.35,1627,0.0,42,10
652,gpt-4.1,in-front-right,in-front-left,0,medium,3.51,1524,0.0,42,10
653,gpt-4.1,in-front-right,in-front-left,0,medium,3.70,1481,0.0,42,10
654,gpt-4.1,in-front-right,in-front-left,0,medium,3.68,1482,0.0,42,10
655,gpt-4.1,in-front-right,behind-right,0,medium,7.94,1865,0.0,42,10
656,gpt-4.1,in-front-right,in-front-left,0,medium,2.47,1398,0.0,42,10
657,gpt-4.1,in-front-right,right,0,medium,6.55,1761,0.0,42,10
658,gpt-4.1,in-front-right,in-front-right,1,medium,3.04,1391,0.0,42,10
659,gpt-4.1,in-front-right,right,0,medium,9.73,1935,0.0,42,10
660,gpt-4.1,in-front-right,in-front-left,0,medium,2.95,1442,0.0,42,10
661,gpt-4.1,in-front-right,in-front-right,1,medium,8.43,1895,0.0,42,10
662,gpt-4.1,in-front-right,in-front-right,1,medium,4.30,1506,0.0,42,10
663,gpt-4.1,in-front-right,left,0,medium,7.30,1835,0.0,42,10
664,gpt-4.1,in-front-right,in-front-right,1,medium,3.95,1515,0.0,42,10
665,gpt-4.1,in-front-right,in-front-left,0,medium,2.59,1419,0.0,42,10
666,gpt-4.1,in-front-right,in-front-right,1,medium,3.42,1476,0.0,42,10
667,gpt-4.1,in-front-right,right,0,medium,3.69,1498,0.0,42,10
668,gpt-4.1,in-front-right,in-front-right,1,medium,7.35,1820,0.0,42,10
669,gpt-4.1,in-front-right,behind-left,0,medium,5.48,1660,0.0,42,10
670,gpt-4.1,in-front-right,in-front-right,1,medium,2.78,1407,0.0,42,10
671,gpt-4.1,in-front-right,in-front-right,1,medium,3.46,1483,0.0,42,10
672,gpt-4.1,in-front-right,in-front-right,1,medium,3.03,1452,0.0,42,10
673,gpt-4.1,in-front-right,in-front-right,1,medium,8.26,1818,0.0,42,10
674,gpt-4.1,in-front-right,in-front-left,0,medium,7.37,1675,0.0,42,10
675,gpt-4.1,in-front-right,right,0,medium,6.28,1751,0.0,42,10
676,gpt-4.1,in-front-right,behind-left,0,medium,2.48,1378,0.0,42,10
677,gpt-4.1,in-front-right,in-front-left,0,medium,3.69,1513,0.0,42,10
678,gpt-4.1,in-front-right,left,0,medium,4.62,1616,0.0,42,10
679,gpt-4.1,in-front-right,in-front-left,0,medium,7.24,1798,0.0,42,10
680,gpt-4.1,in-front-right,in-front-right,1,medium,3.81,1502,0.0,42,10
681,gpt-4.1,in-front-right,behind-right,0,medium,6.24,1728,0.0,42,10
682,gpt-4.1,in-front-right,in-front-right,1,medium,3.99,1529,0.0,42,10
683,gpt-4.1,in-front-right,in-front-left,0,medium,2.16,1399,0.0,42,10
684,gpt-4.1,in-front-right,behind-left,0,medium,2.44,1381,0.0,42,10
685,gpt-4.1,in-front-right,left,0,medium,8.63,1790,0.0,42,10
686,gpt-4.1,in-front-right,in-front-left,0,medium,4.16,1519,0.0,42,10
687,gpt-4.1,in-front-right,behind-right,0,medium,4.41,1579,0.0,42,10
688,gpt-4.1,in-front-right,in-front-right,1,medium,3.23,1467,0.0,42,10
689,gpt-4.1,in-front-right,right,0,medium,3.89,1440,0.0,42,10
690,gpt-4.1,in-front-right,in-front-left,0,medium,4.15,1516,0.0,42,10
691,gpt-4.1,in-front-right,behind-right,0,medium,4.22,1497,0.0,42,10
692,gpt-4.1,in-front-right,in-front-left,0,medium,2.25,1393,0.0,42,10
693,gpt-4.1,in-front-right,behind-left,0,medium,6.16,1644,0.0,42,10
694,gpt-4.1,in-front-right,in-front-right,1,medium,9.17,1893,0.0,42,10
695,gpt-4.1,in-front-right,in-front-right,1,medium,3.39,1455,0.0,42,10
696,gpt-4.1,in-front-right,in-front-left,0,medium,4.20,1399,0.0,42,10
697,gpt-4.1,in-front-right,in-front-right,1,medium,3.53,1481,0.0,42,10
698,gpt-4.1,in-front-right,in-front-right,1,medium,1.73,1323,0.0,42,10
699,gpt-4.1,in-front-right,in-front-right,1,medium,7.59,1824,0.0,42,10
700,gpt-4.1,in-front-right,in-front-left,0,medium,4.09,1498,0.0,42,10
701,gpt-4.1,in-front-left,in-front-left,1,medium,7.07,1755,0.0,42,10
702,gpt-4.1,in-front-left,left,0,medium,10.51,2092,0.0,42,10
703,gpt-4.1,in-front-left,behind-right,0,medium,2.95,1447,0.0,42,10
704,gpt-4.1,in-front-left,in-front-left,1,medium,6.82,1776,0.0,42,10
705,gpt-4.1,in-front-left,right,0,medium,7.40,1785,0.0,42,10
706,gpt-4.1,in-front-left,in-front-right,0,medium,3.32,1468,0.0,42,10
707,gpt-4.1,in-front-left,in-front-left,1,medium,7.40,1723,0.0,42,10
708,gpt-4.1,in-front-left,in-front-left,1,medium,7.94,1814,0.0,42,10
709,gpt-4.1,in-front-left,behind-left,0,medium,4.78,1516,0.0,42,10
710,gpt-4.1,in-front-left,behind-left,0,medium,2.80,1416,0.0,42,10
711,gpt-4.1,in-front-left,in-front-right,0,medium,5.15,1527,0.0,42,10
712,gpt-4.1,in-front-left,behind-right,0,medium,3.89,1470,0.0,42,10
713,gpt-4.1,in-front-left,right,0,medium,4.45,1554,0.0,42,10
714,gpt-4.1,in-front-left,in-front-left,1,medium,3.68,1443,0.0,42,10
715,gpt-4.1,in-front-left,in-front-left,1,medium,3.30,1466,0.0,42,10
716,gpt-4.1,in-front-left,in-front-right,0,medium,14.56,1887,0.0,42,10
717,gpt-4.1,in-front-left,behind-left,0,medium,4.47,1526,0.0,42,10
718,gpt-4.1,in-front-left,in-front-left,1,medium,4.02,1527,0.0,42,10
719,gpt-4.1,in-front-left,behind-left,0,medium,4.45,1482,0.0,42,10
720,gpt-4.1,in-front-left,behind-left,0,medium,2.58,1408,0.0,42,10
721,gpt-4.1,in-front-left,in-front-left,1,medium,6.34,1711,0.0,42,10
722,gpt-4.1,in-front-left,in-front-left,1,medium,5.48,1624,0.0,42,10
723,gpt-4.1,in-front-left,in-front-left,1,medium,4.37,1498,0.0,42,10
724,gpt-4.1,in-front-left,in-front-left,1,medium,5.66,1541,0.0,42,10
725,gpt-4.1,in-front-left,in-front-left,1,medium,8.88,1807,0.0,42,10
726,gpt-4.1,in-front-left,left,0,medium,6.27,1668,0.0,42,10
727,gpt-4.1,in-front-left,behind-left,0,medium,4.85,1552,0.0,42,10
728,gpt-4.1,in-front-left,in-front-left,1,medium,4.66,1523,0.0,42,10
729,gpt-4.1,in-front-left,behind-left,0,medium,3.11,1389,0.0,42,10
730,gpt-4.1,in-front-left,behind-right,0,medium,6.20,1650,0.0,42,10
731,gpt-4.1,in-front-left,in-front-left,1,medium,3.15,1442,0.0,42,10
732,gpt-4.1,in-front-left,behind-right,0,medium,4.86,1564,0.0,42,10
733,gpt-4.1,in-front-left,in-front-left,1,medium,3.65,1462,0.0,42,10
734,gpt-4.1,in-front-left,in-front-right,0,medium,7.38,1726,0.0,42,10
735,gpt-4.1,in-front-left,behind-left,0,medium,3.28,1414,0.0,42,10
736,gpt-4.1,in-front-left,left,0,medium,8.39,1811,0.0,42,10
737,gpt-4.1,in-front-left,in-front-left,1,medium,4.12,1486,0.0,42,10
738,gpt-4.1,in-front-left,in-front-left,1,medium,8.48,1830,0.0,42,10
739,gpt-4.1,in-front-left,in-front-left,1,medium,9.17,1980,0.0,42,10
740,gpt-4.1,in-front-left,in-front-left,1,medium,3.92,1527,0.0,42,10
741,gpt-4.1,in-front-left,behind-right,0,medium,4.47,1504,0.0,42,10
742,gpt-4.1,in-front-left,behind-left,0,medium,7.15,1755,0.0,42,10
743,gpt-4.1,in-front-left,left,0,medium,8.58,1813,0.0,42,10
744,gpt-4.1,in-front-left,in-front-right,0,medium,4.62,1504,0.0,42,10
745,gpt-4.1,in-front-left,in-front-right,0,medium,6.82,1778,0.0,42,10
746,gpt-4.1,in-front-left,behind-left,0,medium,3.19,1452,0.0,42,10
747,gpt-4.1,in-front-left,in-front-left,1,medium,7.61,1776,0.0,42,10
748,gpt-4.1,in-front-left,right,0,medium,6.17,1649,0.0,42,10
749,gpt-4.1,in-front-left,right,0,medium,6.65,1695,0.0,42,10
750,gpt-4.1,in-front-left,left,0,medium,7.85,1791,0.0,42,10
751,gpt-4.1,behind-right,behind-right,1,medium,3.46,1472,0.0,42,10
752,gpt-4.1,behind-right,in-front-right,0,medium,4.78,1576,0.0,42,10
753,gpt-4.1,behind-right,behind-left,0,medium,3.75,1478,0.0,42,10
754,gpt-4.1,behind-right,behind-left,0,medium,3.23,1408,0.0,42,10
755,gpt-4.1,behind-right,behind-right,1,medium,8.53,1827,0.0,42,10
756,gpt-4.1,behind-right,behind-right,1,medium,12.46,2164,0.0,42,10
757,gpt-4.1,behind-right,in-front-right,0,medium,2.76,1364,0.0,42,10
758,gpt-4.1,behind-right,in-front-right,0,medium,3.22,1438,0.0,42,10
759,gpt-4.1,behind-right,behind-right,1,medium,4.96,1594,0.0,42,10
760,gpt-4.1,behind-right,behind-left,0,medium,9.95,1849,0.0,42,10
761,gpt-4.1,behind-right,behind-right,1,medium,2.61,1427,0.0,42,10
762,gpt-4.1,behind-right,behind-right,1,medium,4.48,1560,0.0,42,10
763,gpt-4.1,behind-right,in-front-right,0,medium,3.32,1455,0.0,42,10
764,gpt-4.1,behind-right,right,0,medium,7.82,1804,0.0,42,10
765,gpt-4.1,behind-right,behind-right,1,medium,2.92,1440,0.0,42,10
766,gpt-4.1,behind-right,in-front-right,0,medium,4.85,1580,0.0,42,10
767,gpt-4.1,behind-right,behind-right,1,medium,3.19,1469,0.0,42,10
768,gpt-4.1,behind-right,left,0,medium,9.80,2003,0.0,42,10
769,gpt-4.1,behind-right,in-front-right,0,medium,4.61,1550,0.0,42,10
770,gpt-4.1,behind-right,behind-right,1,medium,4.71,1580,0.0,42,10
771,gpt-4.1,behind-right,behind-right,1,medium,8.81,1873,0.0,42,10
772,gpt-4.1,behind-right,right,0,medium,8.97,1913,0.0,42,10
773,gpt-4.1,behind-right,in-front-right,0,medium,3.64,1452,0.0,42,10
774,gpt-4.1,behind-right,behind-left,0,medium,4.34,1580,0.0,42,10
775,gpt-4.1,behind-right,behind-right,1,medium,2.34,1379,0.0,42,10
776,gpt-4.1,behind-right,behind-right,1,medium,3.20,1437,0.0,42,10
777,gpt-4.1,behind-right,behind-right,1,medium,4.38,1504,0.0,42,10
778,gpt-4.1,behind-right,behind-right,1,medium,3.83,1517,0.0,42,10
779,gpt-4.1,behind-right,in-front-right,0,medium,4.84,1564,0.0,42,10
780,gpt-4.1,behind-right,behind-right,1,medium,5.94,1597,0.0,42,10
781,gpt-4.1,behind-right,behind-right,1,medium,4.47,1496,0.0,42,10
782,gpt-4.1,behind-right,right,0,medium,5.22,1523,0.0,42,10
783,gpt-4.1,behind-right,behind-right,1,medium,5.21,1529,0.0,42,10
784,gpt-4.1,behind-right,behind-right,1,medium,6.40,1717,0.0,42,10
785,gpt-4.1,behind-right,behind-left,0,medium,12.68,2170,0.0,42,10
786,gpt-4.1,behind-right,behind-right,1,medium,3.20,1446,0.0,42,10
787,gpt-4.1,behind-right,behind-right,1,medium,4.49,1554,0.0,42,10
788,gpt-4.1,behind-right,in-front-right,0,medium,3.08,1412,0.0,42,10
789,gpt-4.1,behind-right,in-front-right,0,medium,2.67,1384,0.0,42,10
790,gpt-4.1,behind-right,in-front-right,0,medium,4.26,1503,0.0,42,10
791,gpt-4.1,behind-right,behind-right,1,medium,3.16,1426,0.0,42,10
792,gpt-4.1,behind-right,right,0,medium,4.79,1564,0.0,42,10
793,gpt-4.1,behind-right,behind-right,1,medium,5.69,1548,0.0,42,10
794,gpt-4.1,behind-right,behind-right,1,medium,4.36,1505,0.0,42,10
795,gpt-4.1,behind-right,behind-right,1,medium,6.68,1413,0.0,42,10
796,gpt-4.1,behind-right,right,0,medium,5.26,1618,0.0,42,10
797,gpt-4.1,behind-right,behind-right,1,medium,7.76,1652,0.0,42,10
798,gpt-4.1,behind-right,behind-right,1,medium,15.67,2406,0.0,42,10
799,gpt-4.1,behind-right,in-front-right,0,medium,5.97,1681,0.0,42,10
800,gpt-4.1,behind-right,behind-left,0,medium,3.43,1500,0.0,42,10
