prompt_id,model,expected_answer,predicted_answer,is_correct,complexity_level,time_taken,grid_size
1,gemini-2.5-flash,behind-right,behind,0,low,5.00,10
2,gemini-2.5-flash,behind-right,behind,0,low,2.23,10
3,gemini-2.5-flash,behind-right,behind,0,low,2.16,10
4,gemini-2.5-flash,behind-right,in-front,0,low,4.95,10
5,gemini-2.5-flash,behind-right,behind,0,low,3.64,10
6,gemini-2.5-flash,behind-right,behind,0,low,2.15,10
7,gemini-2.5-flash,behind-right,behind,0,low,3.79,10
8,gemini-2.5-flash,behind-right,behind,0,low,4.31,10
9,gemini-2.5-flash,behind-right,behind,0,low,2.66,10
10,gemini-2.5-flash,behind-right,behind,0,low,1.60,10
11,gemini-2.5-flash,behind-right,behind,0,low,2.17,10
12,gemini-2.5-flash,behind-right,behind,0,low,2.58,10
13,gemini-2.5-flash,behind-right,behind,0,low,4.08,10
14,gemini-2.5-flash,behind-right,behind,0,low,3.49,10
15,gemini-2.5-flash,behind-right,in-front-right,0,low,2.89,10
16,gemini-2.5-flash,behind-right,behind,0,low,3.00,10
17,gemini-2.5-flash,behind-right,behind,0,low,3.03,10
18,gemini-2.5-flash,behind-right,behind,0,low,4.20,10
19,gemini-2.5-flash,behind-right,behind,0,low,2.18,10
20,gemini-2.5-flash,behind-right,behind,0,low,2.11,10
21,gemini-2.5-flash,behind-right,behind,0,low,1.73,10
22,gemini-2.5-flash,behind-right,behind,0,low,1.81,10
23,gemini-2.5-flash,behind-right,behind,0,low,1.92,10
24,gemini-2.5-flash,behind-right,behind,0,low,2.22,10
25,gemini-2.5-flash,behind-right,behind,0,low,2.34,10
26,gemini-2.5-flash,behind-right,behind,0,low,2.91,10
27,gemini-2.5-flash,behind-right,behind,0,low,1.98,10
28,gemini-2.5-flash,behind-right,behind,0,low,2.58,10
29,gemini-2.5-flash,behind-right,behind,0,low,3.15,10
30,gemini-2.5-flash,behind-right,behind,0,low,2.38,10
31,gemini-2.5-flash,behind-right,behind,0,low,5.07,10
32,gemini-2.5-flash,behind-right,behind,0,low,2.66,10
33,gemini-2.5-flash,behind-right,behind,0,low,3.04,10
34,gemini-2.5-flash,behind-right,behind,0,low,2.66,10
35,gemini-2.5-flash,behind-right,behind,0,low,3.40,10
36,gemini-2.5-flash,behind-right,behind,0,low,3.23,10
37,gemini-2.5-flash,behind-right,in-front-right,0,low,2.23,10
38,gemini-2.5-flash,behind-right,behind,0,low,2.37,10
39,gemini-2.5-flash,behind-right,behind,0,low,2.45,10
40,gemini-2.5-flash,behind-right,behind,0,low,1.61,10
41,gemini-2.5-flash,behind-right,behind,0,low,4.33,10
42,gemini-2.5-flash,behind-right,behind,0,low,2.42,10
43,gemini-2.5-flash,behind-right,behind,0,low,2.18,10
44,gemini-2.5-flash,behind-right,in-front-right,0,low,1.82,10
45,gemini-2.5-flash,behind-right,behind,0,low,2.63,10
46,gemini-2.5-flash,behind-right,behind,0,low,2.33,10
47,gemini-2.5-flash,behind-right,behind,0,low,1.70,10
48,gemini-2.5-flash,behind-right,behind,0,low,30.78,10
49,gemini-2.5-flash,behind-right,behind,0,low,2.05,10
50,gemini-2.5-flash,behind-right,behind,0,low,2.68,10
51,gemini-2.5-flash,in-front-right,in-front-right,1,low,1.74,10
52,gemini-2.5-flash,in-front-right,in-front-right,1,low,2.21,10
53,gemini-2.5-flash,in-front-right,in-front-right,1,low,2.09,10
54,gemini-2.5-flash,in-front-right,in-front-right,1,low,2.57,10
55,gemini-2.5-flash,in-front-right,in-front-right,1,low,1.82,10
56,gemini-2.5-flash,in-front-right,in-front-right,1,low,4.19,10
57,gemini-2.5-flash,in-front-right,in-front-right,1,low,2.48,10
58,gemini-2.5-flash,in-front-right,in-front-right,1,low,3.38,10
59,gemini-2.5-flash,in-front-right,in-front,0,low,6.04,10
60,gemini-2.5-flash,in-front-right,in-front-right,1,low,2.49,10
61,gemini-2.5-flash,in-front-right,in-front-right,1,low,3.37,10
62,gemini-2.5-flash,in-front-right,in-front-right,1,low,2.63,10
63,gemini-2.5-flash,in-front-right,in-front-right,1,low,2.28,10
64,gemini-2.5-flash,in-front-right,in-front-right,1,low,3.72,10
65,gemini-2.5-flash,in-front-right,in-front-right,1,low,2.63,10
66,gemini-2.5-flash,in-front-right,in-front-right,1,low,2.80,10
67,gemini-2.5-flash,in-front-right,in-front-right,1,low,1.91,10
68,gemini-2.5-flash,in-front-right,in-front-right,1,low,36.79,10
69,gemini-2.5-flash,in-front-right,in-front,0,low,6.55,10
70,gemini-2.5-flash,in-front-right,in-front-left,0,low,1.69,10
71,gemini-2.5-flash,in-front-right,in-front-right,1,low,1.94,10
72,gemini-2.5-flash,in-front-right,in-front-right,1,low,2.16,10
73,gemini-2.5-flash,in-front-right,in-front-right,1,low,3.55,10
74,gemini-2.5-flash,in-front-right,in-front,0,low,3.00,10
75,gemini-2.5-flash,in-front-right,in-front-right,1,low,2.76,10
76,gemini-2.5-flash,in-front-right,in-front-right,1,low,2.19,10
77,gemini-2.5-flash,in-front-right,in-front-right,1,low,1.91,10
78,gemini-2.5-flash,in-front-right,in-front-right,1,low,1.94,10
79,gemini-2.5-flash,in-front-right,in-front-right,1,low,2.26,10
80,gemini-2.5-flash,in-front-right,in-front-right,1,low,1.79,10
81,gemini-2.5-flash,in-front-right,in-front-right,1,low,3.20,10
82,gemini-2.5-flash,in-front-right,in-front-right,1,low,2.12,10
83,gemini-2.5-flash,in-front-right,in-front-right,1,low,2.25,10
84,gemini-2.5-flash,in-front-right,in-front-right,1,low,2.48,10
85,gemini-2.5-flash,in-front-right,in-front-right,1,low,2.74,10
86,gemini-2.5-flash,in-front-right,in-front-right,1,low,2.40,10
87,gemini-2.5-flash,in-front-right,in-front,0,low,7.12,10
88,gemini-2.5-flash,in-front-right,in-front-right,1,low,3.21,10
89,gemini-2.5-flash,in-front-right,in-front-right,1,low,2.12,10
90,gemini-2.5-flash,in-front-right,in-front-right,1,low,3.43,10
91,gemini-2.5-flash,in-front-right,in-front-right,1,low,3.48,10
92,gemini-2.5-flash,in-front-right,in-front-right,1,low,2.57,10
93,gemini-2.5-flash,in-front-right,in-front-right,1,low,6.64,10
94,gemini-2.5-flash,in-front-right,in-front-right,1,low,2.15,10
95,gemini-2.5-flash,in-front-right,in-front-right,1,low,2.97,10
96,gemini-2.5-flash,in-front-right,in-front,0,low,3.17,10
97,gemini-2.5-flash,in-front-right,in-front,0,low,8.09,10
98,gemini-2.5-flash,in-front-right,in-front-right,1,low,5.00,10
99,gemini-2.5-flash,in-front-right,in-front-left,0,low,2.40,10
100,gemini-2.5-flash,in-front-right,in-front-right,1,low,2.17,10
101,gemini-2.5-flash,in-front-left,in-front-left,1,low,2.65,10
102,gemini-2.5-flash,in-front-left,in-front-left,1,low,2.74,10
103,gemini-2.5-flash,in-front-left,in-front-left,1,low,4.08,10
104,gemini-2.5-flash,in-front-left,in-front-left,1,low,4.15,10
105,gemini-2.5-flash,in-front-left,in-front-left,1,low,3.58,10
106,gemini-2.5-flash,in-front-left,in-front-left,1,low,2.15,10
107,gemini-2.5-flash,in-front-left,in-front-left,1,low,2.46,10
108,gemini-2.5-flash,in-front-left,in-front-left,1,low,4.41,10
109,gemini-2.5-flash,in-front-left,behind,0,low,2.05,10
110,gemini-2.5-flash,in-front-left,in-front-right,0,low,2.05,10
111,gemini-2.5-flash,in-front-left,in-front-left,1,low,3.24,10
112,gemini-2.5-flash,in-front-left,in-front-left,1,low,2.76,10
113,gemini-2.5-flash,in-front-left,in-front-left,1,low,3.01,10
114,gemini-2.5-flash,in-front-left,in-front-left,1,low,2.55,10
115,gemini-2.5-flash,in-front-left,in-front-left,1,low,1.99,10
116,gemini-2.5-flash,in-front-left,in-front,0,low,6.76,10
117,gemini-2.5-flash,in-front-left,in-front-left,1,low,4.72,10
118,gemini-2.5-flash,in-front-left,in-front-right,0,low,2.35,10
119,gemini-2.5-flash,in-front-left,in-front-left,1,low,1.86,10
120,gemini-2.5-flash,in-front-left,in-front-left,1,low,2.38,10
121,gemini-2.5-flash,in-front-left,in-front-left,1,low,1.94,10
122,gemini-2.5-flash,in-front-left,in-front-left,1,low,2.66,10
123,gemini-2.5-flash,in-front-left,in-front-left,1,low,2.46,10
124,gemini-2.5-flash,in-front-left,in-front-left,1,low,2.22,10
125,gemini-2.5-flash,in-front-left,in-front-right,0,low,2.22,10
126,gemini-2.5-flash,in-front-left,in-front-left,1,low,1.61,10
127,gemini-2.5-flash,in-front-left,in-front-right,0,low,2.38,10
128,gemini-2.5-flash,in-front-left,in-front-left,1,low,5.09,10
129,gemini-2.5-flash,in-front-left,in-front-left,1,low,2.41,10
130,gemini-2.5-flash,in-front-left,in-front-left,1,low,2.97,10
131,gemini-2.5-flash,in-front-left,in-front-left,1,low,2.28,10
132,gemini-2.5-flash,in-front-left,in-front-right,0,low,2.80,10
133,gemini-2.5-flash,in-front-left,in-front-left,1,low,2.09,10
134,gemini-2.5-flash,in-front-left,in-front-left,1,low,3.64,10
135,gemini-2.5-flash,in-front-left,in-front-left,1,low,2.02,10
136,gemini-2.5-flash,in-front-left,in-front-left,1,low,3.32,10
137,gemini-2.5-flash,in-front-left,in-front-left,1,low,2.25,10
138,gemini-2.5-flash,in-front-left,in-front-left,1,low,4.28,10
139,gemini-2.5-flash,in-front-left,in-front-right,0,low,1.61,10
140,gemini-2.5-flash,in-front-left,in-front-left,1,low,4.04,10
141,gemini-2.5-flash,in-front-left,in-front-left,1,low,2.81,10
142,gemini-2.5-flash,in-front-left,in-front-left,1,low,2.15,10
143,gemini-2.5-flash,in-front-left,in-front-left,1,low,3.07,10
144,gemini-2.5-flash,in-front-left,in-front-left,1,low,2.13,10
145,gemini-2.5-flash,in-front-left,in-front-left,1,low,2.20,10
146,gemini-2.5-flash,in-front-left,in-front-left,1,low,2.47,10
147,gemini-2.5-flash,in-front-left,in-front-right,0,low,2.35,10
148,gemini-2.5-flash,in-front-left,in-front-left,1,low,3.95,10
149,gemini-2.5-flash,in-front-left,in-front,0,low,6.24,10
150,gemini-2.5-flash,in-front-left,in-front-left,1,low,3.23,10
151,gemini-2.5-flash,behind-left,behind,0,low,2.79,10
152,gemini-2.5-flash,behind-left,behind,0,low,1.93,10
153,gemini-2.5-flash,behind-left,behind,0,low,6.53,10
154,gemini-2.5-flash,behind-left,behind,0,low,2.60,10
155,gemini-2.5-flash,behind-left,behind,0,low,2.17,10
156,gemini-2.5-flash,behind-left,behind,0,low,7.12,10
157,gemini-2.5-flash,behind-left,behind,0,low,2.59,10
158,gemini-2.5-flash,behind-left,behind,0,low,4.88,10
159,gemini-2.5-flash,behind-left,behind,0,low,4.30,10
160,gemini-2.5-flash,behind-left,behind,0,low,3.09,10
161,gemini-2.5-flash,behind-left,behind,0,low,1.89,10
162,gemini-2.5-flash,behind-left,behind,0,low,2.99,10
163,gemini-2.5-flash,behind-left,behind,0,low,2.41,10
164,gemini-2.5-flash,behind-left,behind,0,low,2.10,10
165,gemini-2.5-flash,behind-left,behind,0,low,1.99,10
166,gemini-2.5-flash,behind-left,behind,0,low,2.14,10
167,gemini-2.5-flash,behind-left,behind,0,low,2.57,10
168,gemini-2.5-flash,behind-left,behind,0,low,3.02,10
169,gemini-2.5-flash,behind-left,behind,0,low,2.25,10
170,gemini-2.5-flash,behind-left,behind,0,low,2.19,10
171,gemini-2.5-flash,behind-left,behind,0,low,2.32,10
172,gemini-2.5-flash,behind-left,behind,0,low,2.55,10
173,gemini-2.5-flash,behind-left,behind,0,low,2.87,10
174,gemini-2.5-flash,behind-left,behind,0,low,1.72,10
175,gemini-2.5-flash,behind-left,behind,0,low,2.07,10
176,gemini-2.5-flash,behind-left,behind,0,low,2.30,10
177,gemini-2.5-flash,behind-left,behind,0,low,2.25,10
178,gemini-2.5-flash,behind-left,behind,0,low,3.04,10
179,gemini-2.5-flash,behind-left,behind,0,low,3.94,10
180,gemini-2.5-flash,behind-left,behind,0,low,2.61,10
181,gemini-2.5-flash,behind-left,behind,0,low,4.35,10
182,gemini-2.5-flash,behind-left,behind,0,low,1.90,10
183,gemini-2.5-flash,behind-left,behind,0,low,2.51,10
184,gemini-2.5-flash,behind-left,behind,0,low,1.92,10
185,gemini-2.5-flash,behind-left,behind,0,low,2.21,10
186,gemini-2.5-flash,behind-left,behind,0,low,2.16,10
187,gemini-2.5-flash,behind-left,behind,0,low,2.18,10
188,gemini-2.5-flash,behind-left,behind,0,low,3.62,10
189,gemini-2.5-flash,behind-left,behind,0,low,7.04,10
190,gemini-2.5-flash,behind-left,behind,0,low,2.27,10
191,gemini-2.5-flash,behind-left,behind,0,low,2.58,10
192,gemini-2.5-flash,behind-left,behind,0,low,6.36,10
193,gemini-2.5-flash,behind-left,behind,0,low,3.31,10
194,gemini-2.5-flash,behind-left,in-front-left,0,low,2.41,10
195,gemini-2.5-flash,behind-left,behind,0,low,2.26,10
196,gemini-2.5-flash,behind-left,behind,0,low,7.53,10
197,gemini-2.5-flash,behind-left,behind,0,low,2.23,10
198,gemini-2.5-flash,behind-left,behind,0,low,2.10,10
199,gemini-2.5-flash,behind-left,behind,0,low,2.35,10
200,gemini-2.5-flash,behind-left,behind,0,low,2.66,10
201,gemini-2.5-flash,left,left,1,low,5.94,10
202,gemini-2.5-flash,left,left,1,low,5.32,10
203,gemini-2.5-flash,left,left,1,low,2.11,10
204,gemini-2.5-flash,left,left,1,low,4.47,10
205,gemini-2.5-flash,left,right,0,low,2.82,10
206,gemini-2.5-flash,left,left,1,low,2.06,10
207,gemini-2.5-flash,left,left,1,low,1.70,10
208,gemini-2.5-flash,left,left,1,low,3.92,10
209,gemini-2.5-flash,left,left,1,low,3.11,10
210,gemini-2.5-flash,left,left,1,low,1.90,10
211,gemini-2.5-flash,left,left,1,low,3.35,10
212,gemini-2.5-flash,left,in-front,0,low,4.67,10
213,gemini-2.5-flash,left,in-front,0,low,1.86,10
214,gemini-2.5-flash,left,left,1,low,3.48,10
215,gemini-2.5-flash,left,left,1,low,3.26,10
216,gemini-2.5-flash,left,in-front,0,low,3.48,10
217,gemini-2.5-flash,left,left,1,low,2.38,10
218,gemini-2.5-flash,left,left,1,low,5.52,10
219,gemini-2.5-flash,left,left,1,low,1.76,10
220,gemini-2.5-flash,left,left,1,low,5.96,10
221,gemini-2.5-flash,left,left,1,low,2.72,10
222,gemini-2.5-flash,left,left,1,low,3.80,10
223,gemini-2.5-flash,left,left,1,low,4.99,10
224,gemini-2.5-flash,left,left,1,low,3.08,10
225,gemini-2.5-flash,left,left,1,low,4.66,10
226,gemini-2.5-flash,left,left,1,low,2.51,10
227,gemini-2.5-flash,left,in-front,0,low,5.07,10
228,gemini-2.5-flash,left,left,1,low,2.27,10
229,gemini-2.5-flash,left,left,1,low,2.15,10
230,gemini-2.5-flash,left,left,1,low,2.20,10
231,gemini-2.5-flash,left,left,1,low,2.18,10
232,gemini-2.5-flash,left,left,1,low,5.76,10
233,gemini-2.5-flash,left,left,1,low,2.30,10
234,gemini-2.5-flash,left,right,0,low,1.98,10
235,gemini-2.5-flash,left,left,1,low,2.32,10
236,gemini-2.5-flash,left,left,1,low,3.17,10
237,gemini-2.5-flash,left,left,1,low,5.00,10
238,gemini-2.5-flash,left,left,1,low,3.99,10
239,gemini-2.5-flash,left,left,1,low,1.58,10
240,gemini-2.5-flash,left,left,1,low,2.65,10
241,gemini-2.5-flash,left,left,1,low,2.34,10
242,gemini-2.5-flash,left,left,1,low,6.62,10
243,gemini-2.5-flash,left,left,1,low,2.98,10
244,gemini-2.5-flash,left,right,0,low,3.89,10
245,gemini-2.5-flash,left,left,1,low,2.21,10
246,gemini-2.5-flash,left,left,1,low,1.90,10
247,gemini-2.5-flash,left,left,1,low,4.27,10
248,gemini-2.5-flash,left,right,0,low,1.74,10
249,gemini-2.5-flash,left,left,1,low,3.05,10
250,gemini-2.5-flash,left,left,1,low,3.12,10
251,gemini-2.5-flash,right,right,1,low,2.28,10
252,gemini-2.5-flash,right,right,1,low,6.04,10
253,gemini-2.5-flash,right,right,1,low,6.21,10
254,gemini-2.5-flash,right,left,0,low,5.53,10
255,gemini-2.5-flash,right,right,1,low,2.28,10
256,gemini-2.5-flash,right,right,1,low,2.54,10
257,gemini-2.5-flash,right,right,1,low,2.24,10
258,gemini-2.5-flash,right,left,0,low,4.42,10
259,gemini-2.5-flash,right,right,1,low,3.55,10
260,gemini-2.5-flash,right,right,1,low,2.58,10
261,gemini-2.5-flash,right,right,1,low,2.91,10
262,gemini-2.5-flash,right,left,0,low,3.73,10
263,gemini-2.5-flash,right,right,1,low,2.43,10
264,gemini-2.5-flash,right,left,0,low,2.94,10
265,gemini-2.5-flash,right,right,1,low,2.58,10
266,gemini-2.5-flash,right,right,1,low,1.84,10
267,gemini-2.5-flash,right,in-front,0,low,6.71,10
268,gemini-2.5-flash,right,left,0,low,3.60,10
269,gemini-2.5-flash,right,right,1,low,3.03,10
270,gemini-2.5-flash,right,right,1,low,5.03,10
271,gemini-2.5-flash,right,in-front,0,low,4.48,10
272,gemini-2.5-flash,right,left,0,low,2.56,10
273,gemini-2.5-flash,right,left,0,low,2.25,10
274,gemini-2.5-flash,right,left,0,low,3.61,10
275,gemini-2.5-flash,right,left,0,low,4.19,10
276,gemini-2.5-flash,right,right,1,low,3.52,10
277,gemini-2.5-flash,right,in-front,0,low,9.09,10
278,gemini-2.5-flash,right,right,1,low,2.52,10
279,gemini-2.5-flash,right,right,1,low,2.63,10
280,gemini-2.5-flash,right,right,1,low,2.36,10
281,gemini-2.5-flash,right,right,1,low,2.16,10
282,gemini-2.5-flash,right,right,1,low,3.39,10
283,gemini-2.5-flash,right,right,1,low,2.64,10
284,gemini-2.5-flash,right,right,1,low,2.99,10
285,gemini-2.5-flash,right,left,0,low,2.66,10
286,gemini-2.5-flash,right,right,1,low,2.54,10
287,gemini-2.5-flash,right,right,1,low,1.55,10
288,gemini-2.5-flash,right,in-front,0,low,4.17,10
289,gemini-2.5-flash,right,right,1,low,3.00,10
290,gemini-2.5-flash,right,right,1,low,2.61,10
291,gemini-2.5-flash,right,right,1,low,2.55,10
292,gemini-2.5-flash,right,right,1,low,4.10,10
293,gemini-2.5-flash,right,right,1,low,1.82,10
294,gemini-2.5-flash,right,right,1,low,4.13,10
295,gemini-2.5-flash,right,right,1,low,1.74,10
296,gemini-2.5-flash,right,right,1,low,2.12,10
297,gemini-2.5-flash,right,right,1,low,1.92,10
298,gemini-2.5-flash,right,right,1,low,2.61,10
299,gemini-2.5-flash,right,left,0,low,2.13,10
300,gemini-2.5-flash,right,right,1,low,2.75,10
301,gemini-2.5-flash,behind,behind,1,low,2.82,10
302,gemini-2.5-flash,behind,behind,1,low,5.63,10
303,gemini-2.5-flash,behind,behind,1,low,3.16,10
304,gemini-2.5-flash,behind,behind,1,low,1.99,10
305,gemini-2.5-flash,behind,behind,1,low,2.09,10
306,gemini-2.5-flash,behind,left,0,low,2.00,10
307,gemini-2.5-flash,behind,behind,1,low,3.17,10
308,gemini-2.5-flash,behind,behind,1,low,2.09,10
309,gemini-2.5-flash,behind,behind,1,low,1.46,10
310,gemini-2.5-flash,behind,behind,1,low,2.00,10
311,gemini-2.5-flash,behind,behind,1,low,5.63,10
312,gemini-2.5-flash,behind,behind,1,low,2.18,10
313,gemini-2.5-flash,behind,behind,1,low,3.79,10
314,gemini-2.5-flash,behind,behind,1,low,4.83,10
315,gemini-2.5-flash,behind,behind,1,low,1.51,10
316,gemini-2.5-flash,behind,behind,1,low,1.87,10
317,gemini-2.5-flash,behind,behind,1,low,2.22,10
318,gemini-2.5-flash,behind,behind,1,low,2.35,10
319,gemini-2.5-flash,behind,behind,1,low,2.13,10
320,gemini-2.5-flash,behind,behind,1,low,1.36,10
321,gemini-2.5-flash,behind,behind,1,low,1.91,10
322,gemini-2.5-flash,behind,behind,1,low,1.91,10
323,gemini-2.5-flash,behind,left,0,low,2.21,10
324,gemini-2.5-flash,behind,behind,1,low,1.96,10
325,gemini-2.5-flash,behind,behind,1,low,2.50,10
326,gemini-2.5-flash,behind,in-front,0,low,2.11,10
327,gemini-2.5-flash,behind,behind,1,low,2.01,10
328,gemini-2.5-flash,behind,behind,1,low,2.23,10
329,gemini-2.5-flash,behind,behind,1,low,3.70,10
330,gemini-2.5-flash,behind,behind,1,low,2.40,10
331,gemini-2.5-flash,behind,behind,1,low,5.04,10
332,gemini-2.5-flash,behind,behind,1,low,1.68,10
333,gemini-2.5-flash,behind,behind,1,low,1.98,10
334,gemini-2.5-flash,behind,behind,1,low,5.30,10
335,gemini-2.5-flash,behind,behind,1,low,3.32,10
336,gemini-2.5-flash,behind,behind,1,low,3.23,10
337,gemini-2.5-flash,behind,behind,1,low,1.79,10
338,gemini-2.5-flash,behind,behind,1,low,2.31,10
339,gemini-2.5-flash,behind,behind,1,low,1.57,10
340,gemini-2.5-flash,behind,behind,1,low,2.09,10
341,gemini-2.5-flash,behind,behind,1,low,2.59,10
342,gemini-2.5-flash,behind,behind,1,low,2.32,10
343,gemini-2.5-flash,behind,behind,1,low,1.81,10
344,gemini-2.5-flash,behind,behind,1,low,2.32,10
345,gemini-2.5-flash,behind,behind,1,low,2.24,10
346,gemini-2.5-flash,behind,behind,1,low,2.19,10
347,gemini-2.5-flash,behind,behind,1,low,4.61,10
348,gemini-2.5-flash,behind,behind,1,low,4.91,10
349,gemini-2.5-flash,behind,behind,1,low,3.25,10
350,gemini-2.5-flash,behind,behind,1,low,5.83,10
351,gemini-2.5-flash,in-front,in-front,1,low,1.66,10
352,gemini-2.5-flash,in-front,in-front,1,low,1.90,10
353,gemini-2.5-flash,in-front,in-front,1,low,1.69,10
354,gemini-2.5-flash,in-front,in-front,1,low,2.39,10
355,gemini-2.5-flash,in-front,in-front,1,low,2.77,10
356,gemini-2.5-flash,in-front,in-front,1,low,1.77,10
357,gemini-2.5-flash,in-front,in-front,1,low,1.95,10
358,gemini-2.5-flash,in-front,in-front,1,low,1.73,10
359,gemini-2.5-flash,in-front,in-front,1,low,3.82,10
360,gemini-2.5-flash,in-front,in-front,1,low,2.80,10
361,gemini-2.5-flash,in-front,in-front,1,low,2.02,10
362,gemini-2.5-flash,in-front,in-front,1,low,3.66,10
363,gemini-2.5-flash,in-front,in-front,1,low,2.57,10
364,gemini-2.5-flash,in-front,in-front,1,low,2.63,10
365,gemini-2.5-flash,in-front,in-front,1,low,1.92,10
366,gemini-2.5-flash,in-front,in-front,1,low,1.78,10
367,gemini-2.5-flash,in-front,in-front,1,low,2.04,10
368,gemini-2.5-flash,in-front,in-front,1,low,1.68,10
369,gemini-2.5-flash,in-front,in-front,1,low,3.15,10
370,gemini-2.5-flash,in-front,in-front,1,low,1.84,10
371,gemini-2.5-flash,in-front,in-front,1,low,2.03,10
372,gemini-2.5-flash,in-front,in-front,1,low,2.06,10
373,gemini-2.5-flash,in-front,in-front,1,low,4.81,10
374,gemini-2.5-flash,in-front,in-front,1,low,3.91,10
375,gemini-2.5-flash,in-front,in-front,1,low,4.05,10
376,gemini-2.5-flash,in-front,in-front,1,low,1.99,10
377,gemini-2.5-flash,in-front,in-front,1,low,1.53,10
378,gemini-2.5-flash,in-front,in-front,1,low,2.41,10
379,gemini-2.5-flash,in-front,in-front,1,low,5.62,10
380,gemini-2.5-flash,in-front,in-front,1,low,2.24,10
381,gemini-2.5-flash,in-front,in-front,1,low,1.90,10
382,gemini-2.5-flash,in-front,in-front,1,low,3.06,10
383,gemini-2.5-flash,in-front,in-front,1,low,1.80,10
384,gemini-2.5-flash,in-front,in-front,1,low,1.74,10
385,gemini-2.5-flash,in-front,in-front,1,low,5.02,10
386,gemini-2.5-flash,in-front,in-front,1,low,1.88,10
387,gemini-2.5-flash,in-front,in-front,1,low,1.86,10
388,gemini-2.5-flash,in-front,in-front,1,low,1.91,10
389,gemini-2.5-flash,in-front,in-front,1,low,1.99,10
390,gemini-2.5-flash,in-front,in-front,1,low,4.87,10
391,gemini-2.5-flash,in-front,in-front,1,low,2.38,10
392,gemini-2.5-flash,in-front,in-front,1,low,2.04,10
393,gemini-2.5-flash,in-front,in-front,1,low,1.77,10
394,gemini-2.5-flash,in-front,in-front,1,low,1.70,10
395,gemini-2.5-flash,in-front,in-front,1,low,4.88,10
396,gemini-2.5-flash,in-front,in-front,1,low,1.70,10
397,gemini-2.5-flash,in-front,in-front,1,low,3.42,10
398,gemini-2.5-flash,in-front,in-front,1,low,1.70,10
399,gemini-2.5-flash,in-front,in-front,1,low,2.86,10
400,gemini-2.5-flash,in-front,in-front,1,low,2.10,10
401,gemini-2.5-flash,behind-right,behind,0,low,1.84,10
402,gemini-2.5-flash,behind-right,behind,0,low,2.31,10
403,gemini-2.5-flash,behind-right,behind,0,low,2.60,10
404,gemini-2.5-flash,behind-right,behind,0,low,1.93,10
405,gemini-2.5-flash,behind-right,behind,0,low,2.48,10
406,gemini-2.5-flash,behind-right,behind,0,low,3.79,10
407,gemini-2.5-flash,behind-right,behind,0,low,2.56,10
408,gemini-2.5-flash,behind-right,behind,0,low,2.26,10
409,gemini-2.5-flash,behind-right,behind,0,low,2.56,10
410,gemini-2.5-flash,behind-right,behind,0,low,2.10,10
411,gemini-2.5-flash,behind-right,behind,0,low,3.81,10
412,gemini-2.5-flash,behind-right,behind,0,low,2.24,10
413,gemini-2.5-flash,behind-right,behind,0,low,3.45,10
414,gemini-2.5-flash,behind-right,behind,0,low,8.53,10
415,gemini-2.5-flash,behind-right,behind,0,low,1.81,10
416,gemini-2.5-flash,behind-right,behind,0,low,2.24,10
417,gemini-2.5-flash,behind-right,behind,0,low,2.38,10
418,gemini-2.5-flash,behind-right,behind,0,low,2.03,10
419,gemini-2.5-flash,behind-right,behind,0,low,3.31,10
420,gemini-2.5-flash,behind-right,behind,0,low,2.35,10
421,gemini-2.5-flash,behind-right,behind,0,low,2.98,10
422,gemini-2.5-flash,behind-right,behind,0,low,2.42,10
423,gemini-2.5-flash,behind-right,behind,0,low,2.90,10
424,gemini-2.5-flash,behind-right,behind,0,low,1.64,10
425,gemini-2.5-flash,behind-right,behind,0,low,2.60,10
426,gemini-2.5-flash,behind-right,behind,0,low,2.67,10
427,gemini-2.5-flash,behind-right,behind,0,low,3.23,10
428,gemini-2.5-flash,behind-right,in-front-right,0,low,1.68,10
429,gemini-2.5-flash,behind-right,behind,0,low,1.72,10
430,gemini-2.5-flash,behind-right,in-front,0,low,3.51,10
431,gemini-2.5-flash,behind-right,behind,0,low,3.42,10
432,gemini-2.5-flash,behind-right,behind,0,low,2.15,10
433,gemini-2.5-flash,behind-right,behind,0,low,2.88,10
434,gemini-2.5-flash,behind-right,behind,0,low,3.17,10
435,gemini-2.5-flash,behind-right,behind,0,low,4.90,10
436,gemini-2.5-flash,behind-right,behind,0,low,2.12,10
437,gemini-2.5-flash,behind-right,behind,0,low,2.77,10
438,gemini-2.5-flash,behind-right,behind,0,low,1.98,10
439,gemini-2.5-flash,behind-right,behind,0,low,4.40,10
440,gemini-2.5-flash,behind-right,behind,0,low,3.03,10
441,gemini-2.5-flash,behind-right,behind,0,low,4.60,10
442,gemini-2.5-flash,behind-right,behind,0,low,3.02,10
443,gemini-2.5-flash,behind-right,behind,0,low,2.79,10
444,gemini-2.5-flash,behind-right,behind,0,low,2.27,10
445,gemini-2.5-flash,behind-right,behind,0,low,2.12,10
446,gemini-2.5-flash,behind-right,in-front,0,low,6.11,10
447,gemini-2.5-flash,behind-right,behind,0,low,2.36,10
448,gemini-2.5-flash,behind-right,behind,0,low,1.90,10
449,gemini-2.5-flash,behind-right,behind,0,low,3.95,10
450,gemini-2.5-flash,behind-right,in-front,0,low,4.15,10
451,gemini-2.5-flash,in-front-right,in-front-right,1,low,2.38,10
452,gemini-2.5-flash,in-front-right,in-front-right,1,low,2.24,10
453,gemini-2.5-flash,in-front-right,in-front-right,1,low,2.79,10
454,gemini-2.5-flash,in-front-right,in-front-right,1,low,12.59,10
455,gemini-2.5-flash,in-front-right,in-front-right,1,low,2.42,10
456,gemini-2.5-flash,in-front-right,in-front-right,1,low,1.57,10
457,gemini-2.5-flash,in-front-right,in-front-right,1,low,2.42,10
458,gemini-2.5-flash,in-front-right,in-front-right,1,low,2.43,10
459,gemini-2.5-flash,in-front-right,in-front-right,1,low,3.35,10
460,gemini-2.5-flash,in-front-right,in-front-right,1,low,2.04,10
461,gemini-2.5-flash,in-front-right,in-front-right,1,low,1.74,10
462,gemini-2.5-flash,in-front-right,in-front-left,0,low,3.43,10
463,gemini-2.5-flash,in-front-right,in-front-right,1,low,3.56,10
464,gemini-2.5-flash,in-front-right,in-front-right,1,low,29.94,10
465,gemini-2.5-flash,in-front-right,in-front-right,1,low,2.55,10
466,gemini-2.5-flash,in-front-right,in-front-right,1,low,5.84,10
467,gemini-2.5-flash,in-front-right,in-front-right,1,low,10.90,10
468,gemini-2.5-flash,in-front-right,in-front-right,1,low,2.71,10
469,gemini-2.5-flash,in-front-right,in-front-right,1,low,2.46,10
470,gemini-2.5-flash,in-front-right,in-front,0,low,4.97,10
471,gemini-2.5-flash,in-front-right,in-front-right,1,low,2.38,10
472,gemini-2.5-flash,in-front-right,in-front-right,1,low,2.01,10
473,gemini-2.5-flash,in-front-right,in-front-right,1,low,2.90,10
474,gemini-2.5-flash,in-front-right,in-front-right,1,low,2.41,10
475,gemini-2.5-flash,in-front-right,in-front-right,1,low,3.32,10
476,gemini-2.5-flash,in-front-right,in-front-right,1,low,3.31,10
477,gemini-2.5-flash,in-front-right,in-front-right,1,low,3.05,10
478,gemini-2.5-flash,in-front-right,in-front-right,1,low,3.44,10
479,gemini-2.5-flash,in-front-right,in-front-right,1,low,3.40,10
480,gemini-2.5-flash,in-front-right,in-front-right,1,low,2.52,10
481,gemini-2.5-flash,in-front-right,in-front-right,1,low,3.22,10
482,gemini-2.5-flash,in-front-right,in-front-right,1,low,2.33,10
483,gemini-2.5-flash,in-front-right,in-front-right,1,low,2.52,10
484,gemini-2.5-flash,in-front-right,in-front-right,1,low,2.36,10
485,gemini-2.5-flash,in-front-right,in-front-right,1,low,2.07,10
486,gemini-2.5-flash,in-front-right,in-front-right,1,low,3.74,10
487,gemini-2.5-flash,in-front-right,in-front-right,1,low,3.27,10
488,gemini-2.5-flash,in-front-right,in-front-right,1,low,2.26,10
489,gemini-2.5-flash,in-front-right,in-front-right,1,low,2.89,10
490,gemini-2.5-flash,in-front-right,behind,0,low,4.22,10
491,gemini-2.5-flash,in-front-right,in-front-right,1,low,3.64,10
492,gemini-2.5-flash,in-front-right,in-front-right,1,low,2.12,10
493,gemini-2.5-flash,in-front-right,in-front-right,1,low,2.09,10
494,gemini-2.5-flash,in-front-right,in-front,0,low,3.57,10
495,gemini-2.5-flash,in-front-right,in-front-right,1,low,3.69,10
496,gemini-2.5-flash,in-front-right,in-front-right,1,low,2.42,10
497,gemini-2.5-flash,in-front-right,in-front-right,1,low,7.17,10
498,gemini-2.5-flash,in-front-right,in-front-right,1,low,2.35,10
499,gemini-2.5-flash,in-front-right,in-front-right,1,low,2.11,10
500,gemini-2.5-flash,in-front-right,in-front,0,low,4.97,10
501,gemini-2.5-flash,behind-left,behind,0,low,2.83,10
502,gemini-2.5-flash,behind-left,behind,0,low,1.71,10
503,gemini-2.5-flash,behind-left,behind,0,low,2.67,10
504,gemini-2.5-flash,behind-left,behind,0,low,2.35,10
505,gemini-2.5-flash,behind-left,behind,0,low,1.96,10
506,gemini-2.5-flash,behind-left,behind,0,low,3.26,10
507,gemini-2.5-flash,behind-left,behind,0,low,2.52,10
508,gemini-2.5-flash,behind-left,behind,0,low,1.76,10
509,gemini-2.5-flash,behind-left,behind,0,low,4.08,10
510,gemini-2.5-flash,behind-left,behind,0,low,2.21,10
511,gemini-2.5-flash,behind-left,behind,0,low,2.32,10
512,gemini-2.5-flash,behind-left,behind,0,low,2.43,10
513,gemini-2.5-flash,behind-left,behind,0,low,2.62,10
514,gemini-2.5-flash,behind-left,behind,0,low,2.39,10
515,gemini-2.5-flash,behind-left,behind,0,low,3.58,10
516,gemini-2.5-flash,behind-left,behind,0,low,4.50,10
517,gemini-2.5-flash,behind-left,behind,0,low,3.79,10
518,gemini-2.5-flash,behind-left,behind,0,low,3.19,10
519,gemini-2.5-flash,behind-left,behind,0,low,2.34,10
520,gemini-2.5-flash,behind-left,behind,0,low,3.16,10
521,gemini-2.5-flash,behind-left,behind,0,low,3.25,10
522,gemini-2.5-flash,behind-left,behind,0,low,2.24,10
523,gemini-2.5-flash,behind-left,behind,0,low,2.60,10
524,gemini-2.5-flash,behind-left,behind,0,low,3.85,10
525,gemini-2.5-flash,behind-left,behind,0,low,3.54,10
526,gemini-2.5-flash,behind-left,in-front,0,low,5.56,10
527,gemini-2.5-flash,behind-left,behind,0,low,2.27,10
528,gemini-2.5-flash,behind-left,behind,0,low,2.23,10
529,gemini-2.5-flash,behind-left,behind,0,low,2.07,10
530,gemini-2.5-flash,behind-left,behind,0,low,3.49,10
531,gemini-2.5-flash,behind-left,behind,0,low,2.81,10
532,gemini-2.5-flash,behind-left,behind,0,low,2.56,10
533,gemini-2.5-flash,behind-left,behind,0,low,2.44,10
534,gemini-2.5-flash,behind-left,behind,0,low,3.48,10
535,gemini-2.5-flash,behind-left,in-front-left,0,low,1.88,10
536,gemini-2.5-flash,behind-left,behind,0,low,2.11,10
537,gemini-2.5-flash,behind-left,in-front-left,0,low,3.59,10
538,gemini-2.5-flash,behind-left,behind,0,low,2.35,10
539,gemini-2.5-flash,behind-left,behind,0,low,2.15,10
540,gemini-2.5-flash,behind-left,behind,0,low,2.05,10
541,gemini-2.5-flash,behind-left,behind,0,low,2.00,10
542,gemini-2.5-flash,behind-left,behind,0,low,3.15,10
543,gemini-2.5-flash,behind-left,behind,0,low,1.87,10
544,gemini-2.5-flash,behind-left,behind,0,low,2.74,10
545,gemini-2.5-flash,behind-left,behind,0,low,2.65,10
546,gemini-2.5-flash,behind-left,behind,0,low,3.27,10
547,gemini-2.5-flash,behind-left,behind,0,low,3.61,10
548,gemini-2.5-flash,behind-left,behind,0,low,2.98,10
549,gemini-2.5-flash,behind-left,behind,0,low,2.88,10
550,gemini-2.5-flash,behind-left,behind,0,low,2.22,10
551,gemini-2.5-flash,in-front-left,in-front-left,1,low,4.98,10
552,gemini-2.5-flash,in-front-left,in-front,0,low,5.60,10
553,gemini-2.5-flash,in-front-left,in-front-left,1,low,2.87,10
554,gemini-2.5-flash,in-front-left,in-front-left,1,low,2.30,10
555,gemini-2.5-flash,in-front-left,in-front-left,1,low,2.58,10
556,gemini-2.5-flash,in-front-left,in-front-left,1,low,1.70,10
557,gemini-2.5-flash,in-front-left,in-front-left,1,low,2.26,10
558,gemini-2.5-flash,in-front-left,in-front-left,1,low,2.32,10
559,gemini-2.5-flash,in-front-left,in-front-left,1,low,4.14,10
560,gemini-2.5-flash,in-front-left,in-front-left,1,low,2.21,10
561,gemini-2.5-flash,in-front-left,in-front-left,1,low,2.60,10
562,gemini-2.5-flash,in-front-left,in-front-left,1,low,2.80,10
563,gemini-2.5-flash,in-front-left,in-front-left,1,low,2.69,10
564,gemini-2.5-flash,in-front-left,in-front-left,1,low,2.59,10
565,gemini-2.5-flash,in-front-left,in-front-left,1,low,2.35,10
566,gemini-2.5-flash,in-front-left,in-front-left,1,low,2.40,10
567,gemini-2.5-flash,in-front-left,in-front-left,1,low,2.18,10
568,gemini-2.5-flash,in-front-left,in-front-left,1,low,7.72,10
569,gemini-2.5-flash,in-front-left,in-front-left,1,low,2.46,10
570,gemini-2.5-flash,in-front-left,in-front-left,1,low,2.09,10
571,gemini-2.5-flash,in-front-left,in-front-left,1,low,8.27,10
572,gemini-2.5-flash,in-front-left,in-front-left,1,low,1.94,10
573,gemini-2.5-flash,in-front-left,in-front-left,1,low,2.18,10
574,gemini-2.5-flash,in-front-left,in-front-left,1,low,2.70,10
575,gemini-2.5-flash,in-front-left,in-front-left,1,low,4.13,10
576,gemini-2.5-flash,in-front-left,in-front-left,1,low,2.46,10
577,gemini-2.5-flash,in-front-left,in-front-left,1,low,2.28,10
578,gemini-2.5-flash,in-front-left,in-front-left,1,low,2.23,10
579,gemini-2.5-flash,in-front-left,in-front-left,1,low,1.84,10
580,gemini-2.5-flash,in-front-left,in-front-left,1,low,1.87,10
581,gemini-2.5-flash,in-front-left,in-front-left,1,low,2.58,10
582,gemini-2.5-flash,in-front-left,in-front-left,1,low,2.70,10
583,gemini-2.5-flash,in-front-left,in-front-left,1,low,3.86,10
584,gemini-2.5-flash,in-front-left,in-front-left,1,low,3.45,10
585,gemini-2.5-flash,in-front-left,in-front-left,1,low,2.81,10
586,gemini-2.5-flash,in-front-left,in-front-left,1,low,2.23,10
587,gemini-2.5-flash,in-front-left,in-front-left,1,low,2.76,10
588,gemini-2.5-flash,in-front-left,in-front-right,0,low,3.22,10
589,gemini-2.5-flash,in-front-left,in-front-left,1,low,1.96,10
590,gemini-2.5-flash,in-front-left,in-front-left,1,low,6.06,10
591,gemini-2.5-flash,in-front-left,in-front-left,1,low,3.25,10
592,gemini-2.5-flash,in-front-left,in-front-left,1,low,1.94,10
593,gemini-2.5-flash,in-front-left,in-front-left,1,low,3.12,10
594,gemini-2.5-flash,in-front-left,in-front-right,0,low,2.71,10
595,gemini-2.5-flash,in-front-left,in-front-left,1,low,1.56,10
596,gemini-2.5-flash,in-front-left,in-front-left,1,low,2.47,10
597,gemini-2.5-flash,in-front-left,in-front-left,1,low,2.93,10
598,gemini-2.5-flash,in-front-left,in-front-left,1,low,2.72,10
599,gemini-2.5-flash,in-front-left,in-front-left,1,low,2.93,10
600,gemini-2.5-flash,in-front-left,in-front,0,low,4.35,10
601,gemini-2.5-flash,right,right,1,low,2.74,10
602,gemini-2.5-flash,right,right,1,low,2.25,10
603,gemini-2.5-flash,right,right,1,low,2.28,10
604,gemini-2.5-flash,right,behind,0,low,1.85,10
605,gemini-2.5-flash,right,right,1,low,3.46,10
606,gemini-2.5-flash,right,right,1,low,3.78,10
607,gemini-2.5-flash,right,right,1,low,3.32,10
608,gemini-2.5-flash,right,right,1,low,6.95,10
609,gemini-2.5-flash,right,right,1,low,2.14,10
610,gemini-2.5-flash,right,right,1,low,3.27,10
611,gemini-2.5-flash,right,right,1,low,2.08,10
612,gemini-2.5-flash,right,right,1,low,2.03,10
613,gemini-2.5-flash,right,right,1,low,3.15,10
614,gemini-2.5-flash,right,right,1,low,2.42,10
615,gemini-2.5-flash,right,right,1,low,2.25,10
616,gemini-2.5-flash,right,right,1,low,2.68,10
617,gemini-2.5-flash,right,in-front,0,low,4.52,10
618,gemini-2.5-flash,right,right,1,low,2.12,10
619,gemini-2.5-flash,right,right,1,low,3.98,10
620,gemini-2.5-flash,right,right,1,low,3.19,10
621,gemini-2.5-flash,right,right,1,low,3.11,10
622,gemini-2.5-flash,right,right,1,low,2.26,10
623,gemini-2.5-flash,right,right,1,low,2.92,10
624,gemini-2.5-flash,right,right,1,low,2.05,10
625,gemini-2.5-flash,right,right,1,low,6.29,10
626,gemini-2.5-flash,right,right,1,low,2.56,10
627,gemini-2.5-flash,right,right,1,low,4.30,10
628,gemini-2.5-flash,right,behind,0,low,1.74,10
629,gemini-2.5-flash,right,right,1,low,4.85,10
630,gemini-2.5-flash,right,right,1,low,4.79,10
631,gemini-2.5-flash,right,right,1,low,2.81,10
632,gemini-2.5-flash,right,right,1,low,4.07,10
633,gemini-2.5-flash,right,right,1,low,1.96,10
634,gemini-2.5-flash,right,in-front,0,low,1.92,10
635,gemini-2.5-flash,right,right,1,low,2.16,10
636,gemini-2.5-flash,right,right,1,low,2.77,10
637,gemini-2.5-flash,right,right,1,low,2.90,10
638,gemini-2.5-flash,right,right,1,low,5.02,10
639,gemini-2.5-flash,right,left,0,low,2.93,10
640,gemini-2.5-flash,right,left,0,low,2.81,10
641,gemini-2.5-flash,right,right,1,low,2.63,10
642,gemini-2.5-flash,right,in-front,0,low,4.98,10
643,gemini-2.5-flash,right,right,1,low,1.93,10
644,gemini-2.5-flash,right,right,1,low,2.33,10
645,gemini-2.5-flash,right,right,1,low,2.77,10
646,gemini-2.5-flash,right,right,1,low,3.06,10
647,gemini-2.5-flash,right,right,1,low,2.81,10
648,gemini-2.5-flash,right,right,1,low,3.77,10
649,gemini-2.5-flash,right,left,0,low,2.13,10
650,gemini-2.5-flash,right,right,1,low,2.03,10
651,gemini-2.5-flash,in-front,in-front,1,low,2.07,10
652,gemini-2.5-flash,in-front,in-front,1,low,1.90,10
653,gemini-2.5-flash,in-front,in-front,1,low,1.75,10
654,gemini-2.5-flash,in-front,in-front,1,low,4.93,10
655,gemini-2.5-flash,in-front,in-front,1,low,2.63,10
656,gemini-2.5-flash,in-front,in-front,1,low,1.77,10
657,gemini-2.5-flash,in-front,in-front,1,low,2.09,10
658,gemini-2.5-flash,in-front,in-front,1,low,2.80,10
659,gemini-2.5-flash,in-front,in-front,1,low,3.06,10
660,gemini-2.5-flash,in-front,in-front,1,low,1.51,10
661,gemini-2.5-flash,in-front,in-front,1,low,2.23,10
662,gemini-2.5-flash,in-front,in-front,1,low,1.96,10
663,gemini-2.5-flash,in-front,in-front,1,low,4.58,10
664,gemini-2.5-flash,in-front,in-front,1,low,1.85,10
665,gemini-2.5-flash,in-front,in-front,1,low,3.48,10
666,gemini-2.5-flash,in-front,in-front,1,low,1.98,10
667,gemini-2.5-flash,in-front,in-front,1,low,1.67,10
668,gemini-2.5-flash,in-front,in-front,1,low,3.21,10
669,gemini-2.5-flash,in-front,in-front,1,low,3.39,10
670,gemini-2.5-flash,in-front,in-front,1,low,6.88,10
671,gemini-2.5-flash,in-front,in-front,1,low,2.28,10
672,gemini-2.5-flash,in-front,in-front,1,low,1.66,10
673,gemini-2.5-flash,in-front,in-front,1,low,1.45,10
674,gemini-2.5-flash,in-front,in-front,1,low,2.45,10
675,gemini-2.5-flash,in-front,in-front,1,low,1.68,10
676,gemini-2.5-flash,in-front,in-front,1,low,6.36,10
677,gemini-2.5-flash,in-front,in-front,1,low,3.70,10
678,gemini-2.5-flash,in-front,in-front,1,low,2.34,10
679,gemini-2.5-flash,in-front,in-front,1,low,2.41,10
680,gemini-2.5-flash,in-front,in-front,1,low,2.83,10
681,gemini-2.5-flash,in-front,in-front,1,low,2.59,10
682,gemini-2.5-flash,in-front,in-front,1,low,1.80,10
683,gemini-2.5-flash,in-front,in-front,1,low,2.09,10
684,gemini-2.5-flash,in-front,in-front,1,low,1.74,10
685,gemini-2.5-flash,in-front,in-front,1,low,1.94,10
686,gemini-2.5-flash,in-front,in-front,1,low,1.75,10
687,gemini-2.5-flash,in-front,in-front,1,low,2.71,10
688,gemini-2.5-flash,in-front,in-front,1,low,4.91,10
689,gemini-2.5-flash,in-front,in-front,1,low,2.16,10
690,gemini-2.5-flash,in-front,in-front,1,low,1.50,10
691,gemini-2.5-flash,in-front,in-front,1,low,2.98,10
692,gemini-2.5-flash,in-front,in-front,1,low,4.64,10
693,gemini-2.5-flash,in-front,in-front,1,low,2.54,10
694,gemini-2.5-flash,in-front,in-front,1,low,5.28,10
695,gemini-2.5-flash,in-front,in-front,1,low,1.62,10
696,gemini-2.5-flash,in-front,in-front,1,low,2.83,10
697,gemini-2.5-flash,in-front,in-front,1,low,4.18,10
698,gemini-2.5-flash,in-front,in-front,1,low,2.60,10
699,gemini-2.5-flash,in-front,in-front,1,low,5.52,10
700,gemini-2.5-flash,in-front,in-front,1,low,1.76,10
701,gemini-2.5-flash,behind,behind,1,low,2.91,10
702,gemini-2.5-flash,behind,behind,1,low,2.71,10
703,gemini-2.5-flash,behind,behind,1,low,6.09,10
704,gemini-2.5-flash,behind,behind,1,low,3.89,10
705,gemini-2.5-flash,behind,behind,1,low,2.66,10
706,gemini-2.5-flash,behind,behind,1,low,1.82,10
707,gemini-2.5-flash,behind,behind,1,low,3.20,10
708,gemini-2.5-flash,behind,behind,1,low,2.69,10
709,gemini-2.5-flash,behind,behind,1,low,1.71,10
710,gemini-2.5-flash,behind,behind,1,low,4.37,10
711,gemini-2.5-flash,behind,behind,1,low,1.83,10
712,gemini-2.5-flash,behind,behind,1,low,2.46,10
713,gemini-2.5-flash,behind,in-front,0,low,6.05,10
714,gemini-2.5-flash,behind,behind,1,low,2.50,10
715,gemini-2.5-flash,behind,behind,1,low,2.40,10
716,gemini-2.5-flash,behind,behind,1,low,2.00,10
717,gemini-2.5-flash,behind,behind,1,low,3.84,10
718,gemini-2.5-flash,behind,behind,1,low,2.25,10
719,gemini-2.5-flash,behind,behind,1,low,1.74,10
720,gemini-2.5-flash,behind,behind,1,low,2.20,10
721,gemini-2.5-flash,behind,behind,1,low,3.97,10
722,gemini-2.5-flash,behind,behind,1,low,2.52,10
723,gemini-2.5-flash,behind,behind,1,low,2.32,10
724,gemini-2.5-flash,behind,behind,1,low,2.05,10
725,gemini-2.5-flash,behind,behind,1,low,4.00,10
726,gemini-2.5-flash,behind,behind,1,low,1.93,10
727,gemini-2.5-flash,behind,behind,1,low,2.16,10
728,gemini-2.5-flash,behind,behind,1,low,6.10,10
729,gemini-2.5-flash,behind,behind,1,low,2.71,10
730,gemini-2.5-flash,behind,behind,1,low,2.06,10
731,gemini-2.5-flash,behind,behind,1,low,3.20,10
732,gemini-2.5-flash,behind,left,0,low,1.55,10
733,gemini-2.5-flash,behind,behind,1,low,2.08,10
734,gemini-2.5-flash,behind,behind,1,low,1.27,10
735,gemini-2.5-flash,behind,behind,1,low,5.03,10
736,gemini-2.5-flash,behind,behind,1,low,2.11,10
737,gemini-2.5-flash,behind,behind,1,low,1.92,10
738,gemini-2.5-flash,behind,behind,1,low,1.83,10
739,gemini-2.5-flash,behind,behind,1,low,3.22,10
740,gemini-2.5-flash,behind,behind,1,low,2.00,10
741,gemini-2.5-flash,behind,behind,1,low,2.46,10
742,gemini-2.5-flash,behind,behind,1,low,2.67,10
743,gemini-2.5-flash,behind,behind,1,low,2.65,10
744,gemini-2.5-flash,behind,behind,1,low,2.12,10
745,gemini-2.5-flash,behind,behind,1,low,5.18,10
746,gemini-2.5-flash,behind,behind,1,low,1.65,10
747,gemini-2.5-flash,behind,behind,1,low,5.29,10
748,gemini-2.5-flash,behind,behind,1,low,2.07,10
749,gemini-2.5-flash,behind,behind,1,low,1.82,10
750,gemini-2.5-flash,behind,behind,1,low,2.08,10
751,gemini-2.5-flash,left,left,1,low,2.12,10
752,gemini-2.5-flash,left,left,1,low,4.34,10
753,gemini-2.5-flash,left,right,0,low,2.58,10
754,gemini-2.5-flash,left,left,1,low,2.15,10
755,gemini-2.5-flash,left,left,1,low,3.48,10
756,gemini-2.5-flash,left,left,1,low,5.32,10
757,gemini-2.5-flash,left,left,1,low,2.03,10
758,gemini-2.5-flash,left,left,1,low,2.21,10
759,gemini-2.5-flash,left,left,1,low,1.92,10
760,gemini-2.5-flash,left,left,1,low,2.00,10
761,gemini-2.5-flash,left,left,1,low,3.69,10
762,gemini-2.5-flash,left,left,1,low,2.21,10
763,gemini-2.5-flash,left,left,1,low,2.45,10
764,gemini-2.5-flash,left,left,1,low,3.05,10
765,gemini-2.5-flash,left,left,1,low,2.25,10
766,gemini-2.5-flash,left,left,1,low,1.64,10
767,gemini-2.5-flash,left,left,1,low,2.00,10
768,gemini-2.5-flash,left,left,1,low,1.84,10
769,gemini-2.5-flash,left,left,1,low,1.83,10
770,gemini-2.5-flash,left,left,1,low,1.80,10
771,gemini-2.5-flash,left,left,1,low,2.97,10
772,gemini-2.5-flash,left,left,1,low,3.68,10
773,gemini-2.5-flash,left,left,1,low,2.26,10
774,gemini-2.5-flash,left,left,1,low,3.00,10
775,gemini-2.5-flash,left,left,1,low,2.59,10
776,gemini-2.5-flash,left,in-front,0,low,5.17,10
777,gemini-2.5-flash,left,left,1,low,3.27,10
778,gemini-2.5-flash,left,left,1,low,3.69,10
779,gemini-2.5-flash,left,in-front,0,low,6.35,10
780,gemini-2.5-flash,left,left,1,low,2.21,10
781,gemini-2.5-flash,left,left,1,low,4.44,10
782,gemini-2.5-flash,left,left,1,low,2.14,10
783,gemini-2.5-flash,left,in-front,0,low,5.49,10
784,gemini-2.5-flash,left,left,1,low,2.25,10
785,gemini-2.5-flash,left,left,1,low,3.20,10
786,gemini-2.5-flash,left,in-front,0,low,4.92,10
787,gemini-2.5-flash,left,left,1,low,2.83,10
788,gemini-2.5-flash,left,left,1,low,1.84,10
789,gemini-2.5-flash,left,left,1,low,2.25,10
790,gemini-2.5-flash,left,left,1,low,3.13,10
791,gemini-2.5-flash,left,left,1,low,1.79,10
792,gemini-2.5-flash,left,left,1,low,1.74,10
793,gemini-2.5-flash,left,behind,0,low,2.39,10
794,gemini-2.5-flash,left,left,1,low,2.25,10
795,gemini-2.5-flash,left,left,1,low,2.04,10
796,gemini-2.5-flash,left,left,1,low,2.36,10
797,gemini-2.5-flash,left,left,1,low,2.93,10
798,gemini-2.5-flash,left,left,1,low,1.78,10
799,gemini-2.5-flash,left,left,1,low,2.66,10
800,gemini-2.5-flash,left,behind,0,low,1.98,10
